{"mrr": 0.7704, "hit1": 0.7381, "hit2": 0.7823, "hit3": 0.7939, "n": 1470, "by_repo": {"astropy__astropy": {"mrr": 0.94, "hit1": 0.94, "hit2": 0.94, "hit3": 0.94, "n": 100, "latency_ms": {"mean": 6.4, "p50": 5.0, "p95": 16.6, "max": 40.1, "over_100ms": 0}}, "django__django": {"mrr": 0.5872, "hit1": 0.5455, "hit2": 0.6084, "hit3": 0.6259, "n": 286, "latency_ms": {"mean": 12.2, "p50": 9.0, "p95": 36.1, "max": 83.1, "over_100ms": 0}}, "matplotlib__matplotlib": {"mrr": 0.835, "hit1": 0.83, "hit2": 0.84, "hit3": 0.84, "n": 100, "latency_ms": {"mean": 7.0, "p50": 6.0, "p95": 17.0, "max": 26.1, "over_100ms": 0}}, "mwaskom__seaborn": {"mrr": 0.8703, "hit1": 0.86, "hit2": 0.87, "hit3": 0.88, "n": 100, "latency_ms": {"mean": 1.9, "p50": 1.4, "p95": 4.7, "max": 11.3, "over_100ms": 0}}, "pallets__flask": {"mrr": 0.6752, "hit1": 0.6277, "hit2": 0.6809, "hit3": 0.7128, "n": 94, "latency_ms": {"mean": 2.0, "p50": 1.4, "p95": 5.3, "max": 14.3, "over_100ms": 0}}, "psf__requests": {"mrr": 0.9425, "hit1": 0.92, "hit2": 0.96, "hit3": 0.96, "n": 100, "latency_ms": {"mean": 1.2, "p50": 0.9, "p95": 2.4, "max": 9.0, "over_100ms": 0}}, "pydata__xarray": {"mrr": 1.0, "hit1": 1.0, "hit2": 1.0, "hit3": 1.0, "n": 100, "latency_ms": {"mean": 2.2, "p50": 1.6, "p95": 4.9, "max": 13.0, "over_100ms": 0}}, "pylint-dev__pylint": {"mrr": 0.915, "hit1": 0.91, "hit2": 0.91, "hit3": 0.91, "n": 100, "latency_ms": {"mean": 8.2, "p50": 6.9, "p95": 18.1, "max": 30.7, "over_100ms": 0}}, "pytest-dev__pytest": {"mrr": 0.972, "hit1": 0.97, "hit2": 0.97, "hit3": 0.97, "n": 100, "latency_ms": {"mean": 2.7, "p50": 2.3, "p95": 5.4, "max": 14.4, "over_100ms": 0}}, "scikit-learn__scikit-learn": {"mrr": 0.6634, "hit1": 0.6, "hit2": 0.68, "hit3": 0.69, "n": 100, "latency_ms": {"mean": 5.9, "p50": 4.8, "p95": 13.2, "max": 28.7, "over_100ms": 0}}, "sphinx-doc__sphinx": {"mrr": 0.5831, "hit1": 0.5, "hit2": 0.6196, "hit3": 0.663, "n": 92, "latency_ms": {"mean": 3.4, "p50": 2.7, "p95": 7.8, "max": 11.7, "over_100ms": 0}}, "sympy__sympy": {"mrr": 0.744, "hit1": 0.6429, "hit2": 0.7653, "hit3": 0.7959, "n": 98, "latency_ms": {"mean": 7.1, "p50": 5.8, "p95": 16.2, "max": 48.4, "over_100ms": 0}}, "torvalds__linux": {"mrr": 0.6079, "hit1": 0.58, "hit2": 0.63, "hit3": 0.63, "n": 100, "latency_ms": {"mean": 61.6, "p50": 40.0, "p95": 213.7, "max": 361.4, "over_100ms": 58}}}, "overall": {"mrr": 0.2963801529255319, "hit1": 0.2672989694148936, "hit3": 0.31701635638297876, "n": 6016}, "supported_overall": {"mrr": 0.2963801529255319, "hit1": 0.2672989694148936, "hit3": 0.31701635638297876, "n": 6016}, "supported_gold_kinds": ["definition", "content", "semantic", "swebench", "sessions"], "latency_ms": {"mean": 9.4, "p50": 4.0, "p95": 35.3, "max": 361.4, "over_100ms": 58}, "golds": {"definition": {"mrr": 0.7704, "hit1": 0.7381, "hit2": 0.7823, "hit3": 0.7939, "n": 1470, "by_repo": {"astropy__astropy": {"mrr": 0.94, "hit1": 0.94, "hit2": 0.94, "hit3": 0.94, "n": 100, "latency_ms": {"mean": 6.4, "p50": 5.0, "p95": 16.6, "max": 40.1, "over_100ms": 0}}, "django__django": {"mrr": 0.5872, "hit1": 0.5455, "hit2": 0.6084, "hit3": 0.6259, "n": 286, "latency_ms": {"mean": 12.2, "p50": 9.0, "p95": 36.1, "max": 83.1, "over_100ms": 0}}, "matplotlib__matplotlib": {"mrr": 0.835, "hit1": 0.83, "hit2": 0.84, "hit3": 0.84, "n": 100, "latency_ms": {"mean": 7.0, "p50": 6.0, "p95": 17.0, "max": 26.1, "over_100ms": 0}}, "mwaskom__seaborn": {"mrr": 0.8703, "hit1": 0.86, "hit2": 0.87, "hit3": 0.88, "n": 100, "latency_ms": {"mean": 1.9, "p50": 1.4, "p95": 4.7, "max": 11.3, "over_100ms": 0}}, "pallets__flask": {"mrr": 0.6752, "hit1": 0.6277, "hit2": 0.6809, "hit3": 0.7128, "n": 94, "latency_ms": {"mean": 2.0, "p50": 1.4, "p95": 5.3, "max": 14.3, "over_100ms": 0}}, "psf__requests": {"mrr": 0.9425, "hit1": 0.92, "hit2": 0.96, "hit3": 0.96, "n": 100, "latency_ms": {"mean": 1.2, "p50": 0.9, "p95": 2.4, "max": 9.0, "over_100ms": 0}}, "pydata__xarray": {"mrr": 1.0, "hit1": 1.0, "hit2": 1.0, "hit3": 1.0, "n": 100, "latency_ms": {"mean": 2.2, "p50": 1.6, "p95": 4.9, "max": 13.0, "over_100ms": 0}}, "pylint-dev__pylint": {"mrr": 0.915, "hit1": 0.91, "hit2": 0.91, "hit3": 0.91, "n": 100, "latency_ms": {"mean": 8.2, "p50": 6.9, "p95": 18.1, "max": 30.7, "over_100ms": 0}}, "pytest-dev__pytest": {"mrr": 0.972, "hit1": 0.97, "hit2": 0.97, "hit3": 0.97, "n": 100, "latency_ms": {"mean": 2.7, "p50": 2.3, "p95": 5.4, "max": 14.4, "over_100ms": 0}}, "scikit-learn__scikit-learn": {"mrr": 0.6634, "hit1": 0.6, "hit2": 0.68, "hit3": 0.69, "n": 100, "latency_ms": {"mean": 5.9, "p50": 4.8, "p95": 13.2, "max": 28.7, "over_100ms": 0}}, "sphinx-doc__sphinx": {"mrr": 0.5831, "hit1": 0.5, "hit2": 0.6196, "hit3": 0.663, "n": 92, "latency_ms": {"mean": 3.4, "p50": 2.7, "p95": 7.8, "max": 11.7, "over_100ms": 0}}, "sympy__sympy": {"mrr": 0.744, "hit1": 0.6429, "hit2": 0.7653, "hit3": 0.7959, "n": 98, "latency_ms": {"mean": 7.1, "p50": 5.8, "p95": 16.2, "max": 48.4, "over_100ms": 0}}, "torvalds__linux": {"mrr": 0.6079, "hit1": 0.58, "hit2": 0.63, "hit3": 0.63, "n": 100, "latency_ms": {"mean": 61.6, "p50": 40.0, "p95": 213.7, "max": 361.4, "over_100ms": 58}}}}, "content": {"mrr": 0.0, "hit1": 0.0, "hit2": 0.0, "hit3": 0.0, "n": 1344, "by_repo": {"astropy__astropy": {"mrr": 0.0, "hit1": 0.0, "hit2": 0.0, "hit3": 0.0, "n": 100, "latency_ms": {"mean": 6.4, "p50": 5.0, "p95": 16.6, "max": 40.1, "over_100ms": 0}}, "django__django": {"mrr": 0.0, "hit1": 0.0, "hit2": 0.0, "hit3": 0.0, "n": 157, "latency_ms": {"mean": 12.2, "p50": 9.0, "p95": 36.1, "max": 83.1, "over_100ms": 0}}, "matplotlib__matplotlib": {"mrr": 0.0, "hit1": 0.0, "hit2": 0.0, "hit3": 0.0, "n": 100, "latency_ms": {"mean": 7.0, "p50": 6.0, "p95": 17.0, "max": 26.1, "over_100ms": 0}}, "mwaskom__seaborn": {"mrr": 0.0, "hit1": 0.0, "hit2": 0.0, "hit3": 0.0, "n": 100, "latency_ms": {"mean": 1.9, "p50": 1.4, "p95": 4.7, "max": 11.3, "over_100ms": 0}}, "pallets__flask": {"mrr": 0.0, "hit1": 0.0, "hit2": 0.0, "hit3": 0.0, "n": 97, "latency_ms": {"mean": 2.0, "p50": 1.4, "p95": 5.3, "max": 14.3, "over_100ms": 0}}, "psf__requests": {"mrr": 0.0, "hit1": 0.0, "hit2": 0.0, "hit3": 0.0, "n": 97, "latency_ms": {"mean": 1.2, "p50": 0.9, "p95": 2.4, "max": 9.0, "over_100ms": 0}}, "pydata__xarray": {"mrr": 0.0, "hit1": 0.0, "hit2": 0.0, "hit3": 0.0, "n": 100, "latency_ms": {"mean": 2.2, "p50": 1.6, "p95": 4.9, "max": 13.0, "over_100ms": 0}}, "pylint-dev__pylint": {"mrr": 0.0, "hit1": 0.0, "hit2": 0.0, "hit3": 0.0, "n": 100, "latency_ms": {"mean": 8.2, "p50": 6.9, "p95": 18.1, "max": 30.7, "over_100ms": 0}}, "pytest-dev__pytest": {"mrr": 0.0, "hit1": 0.0, "hit2": 0.0, "hit3": 0.0, "n": 100, "latency_ms": {"mean": 2.7, "p50": 2.3, "p95": 5.4, "max": 14.4, "over_100ms": 0}}, "scikit-learn__scikit-learn": {"mrr": 0.0, "hit1": 0.0, "hit2": 0.0, "hit3": 0.0, "n": 99, "latency_ms": {"mean": 5.9, "p50": 4.8, "p95": 13.2, "max": 28.7, "over_100ms": 0}}, "sphinx-doc__sphinx": {"mrr": 0.0, "hit1": 0.0, "hit2": 0.0, "hit3": 0.0, "n": 97, "latency_ms": {"mean": 3.4, "p50": 2.7, "p95": 7.8, "max": 11.7, "over_100ms": 0}}, "sympy__sympy": {"mrr": 0.0, "hit1": 0.0, "hit2": 0.0, "hit3": 0.0, "n": 97, "latency_ms": {"mean": 7.1, "p50": 5.8, "p95": 16.2, "max": 48.4, "over_100ms": 0}}, "torvalds__linux": {"mrr": 0.0, "hit1": 0.0, "hit2": 0.0, "hit3": 0.0, "n": 100, "latency_ms": {"mean": 61.6, "p50": 40.0, "p95": 213.7, "max": 361.4, "over_100ms": 58}}}}, "semantic": {"mrr": 0.0529, "hit1": 0.0338, "hit2": 0.048, "hit3": 0.0658, "n": 1688, "by_repo": {"astropy__astropy": {"mrr": 0.0213, "hit1": 0.0077, "hit2": 0.0154, "hit3": 0.0385, "n": 130, "latency_ms": {"mean": 6.4, "p50": 5.0, "p95": 16.6, "max": 40.1, "over_100ms": 0}}, "django__django": {"mrr": 0.0153, "hit1": 0.0077, "hit2": 0.0077, "hit3": 0.0077, "n": 130, "latency_ms": {"mean": 12.2, "p50": 9.0, "p95": 36.1, "max": 83.1, "over_100ms": 0}}, "matplotlib__matplotlib": {"mrr": 0.0237, "hit1": 0.0154, "hit2": 0.0154, "hit3": 0.0154, "n": 130, "latency_ms": {"mean": 7.0, "p50": 6.0, "p95": 17.0,