{"mrr": 0.5586, "hit1": 0.4599, "hit2": 0.5619, "hit3": 0.619, "n": 1470, "by_repo": {"astropy__astropy": {"mrr": 0.7183, "hit1": 0.6, "hit2": 0.76, "hit3": 0.8, "n": 100, "latency_ms": {"mean": 164.7, "p50": 136.7, "p95": 336.1, "max": 2834.1, "over_100ms": 263}}, "django__django": {"mrr": 0.3819, "hit1": 0.3007, "hit2": 0.3951, "hit3": 0.4301, "n": 286, "latency_ms": {"mean": 220.7, "p50": 191.3, "p95": 484.5, "max": 1272.6, "over_100ms": 410}}, "matplotlib__matplotlib": {"mrr": 0.335, "hit1": 0.13, "hit2": 0.3, "hit3": 0.41, "n": 100, "latency_ms": {"mean": 144.5, "p50": 105.7, "p95": 391.1, "max": 1141.7, "over_100ms": 197}}, "mwaskom__seaborn": {"mrr": 0.6648, "hit1": 0.58, "hit2": 0.71, "hit3": 0.74, "n": 100, "latency_ms": {"mean": 39.9, "p50": 34.3, "p95": 72.8, "max": 269.8, "over_100ms": 9}}, "pallets__flask": {"mrr": 0.5089, "hit1": 0.4468, "hit2": 0.4894, "hit3": 0.5532, "n": 94, "latency_ms": {"mean": 33.0, "p50": 30.5, "p95": 55.4, "max": 177.3, "over_100ms": 9}}, "psf__requests": {"mrr": 0.8099, "hit1": 0.75, "hit2": 0.81, "hit3": 0.85, "n": 100, "latency_ms": {"mean": 23.8, "p50": 22.5, "p95": 32.0, "max": 111.3, "over_100ms": 1}}, "pydata__xarray": {"mrr": 0.6127, "hit1": 0.48, "hit2": 0.61, "hit3": 0.68, "n": 100, "latency_ms": {"mean": 33.6, "p50": 30.0, "p95": 56.8, "max": 208.0, "over_100ms": 5}}, "pylint-dev__pylint": {"mrr": 0.6788, "hit1": 0.6, "hit2": 0.64, "hit3": 0.71, "n": 100, "latency_ms": {"mean": 144.2, "p50": 131.4, "p95": 341.7, "max": 719.2, "over_100ms": 198}}, "pytest-dev__pytest": {"mrr": 0.8048, "hit1": 0.74, "hit2": 0.79, "hit3": 0.88, "n": 100, "latency_ms": {"mean": 48.9, "p50": 44.6, "p95": 79.4, "max": 204.6, "over_100ms": 15}}, "scikit-learn__scikit-learn": {"mrr": 0.4049, "hit1": 0.34, "hit2": 0.41, "hit3": 0.42, "n": 100, "latency_ms": {"mean": 100.1, "p50": 86.7, "p95": 238.9, "max": 609.1, "over_100ms": 144}}, "sphinx-doc__sphinx": {"mrr": 0.4198, "hit1": 0.2935, "hit2": 0.4022, "hit3": 0.5217, "n": 92, "latency_ms": {"mean": 117.7, "p50": 103.8, "p95": 286.1, "max": 706.4, "over_100ms": 210}}, "sympy__sympy": {"mrr": 0.5138, "hit1": 0.3673, "hit2": 0.5204, "hit3": 0.602, "n": 98, "latency_ms": {"mean": 95.0, "p50": 84.3, "p95": 233.9, "max": 449.8, "over_100ms": 159}}, "torvalds__linux": {"mrr": 0.7217, "hit1": 0.63, "hit2": 0.76, "hit3": 0.79, "n": 100, "latency_ms": {"mean": 280.3, "p50": 209.7, "p95": 930.1, "max": 1628.9, "over_100ms": 265}}}, "overall": {"mrr": 0.35972263962765955, "hit1": 0.31267726063829787, "hit3": 0.38714182180851064, "n": 6016}, "supported_overall": {"mrr": 0.35972263962765955, "hit1": 0.31267726063829787, "hit3": 0.38714182180851064, "n": 6016}, "supported_gold_kinds": ["definition", "content", "semantic", "swebench", "sessions"], "latency_ms": {"mean": 113.0, "p50": 56.6, "p95": 343.5, "max": 2834.1, "over_100ms": 1885}, "golds": {"definition": {"mrr": 0.5586, "hit1": 0.4599, "hit2": 0.5619, "hit3": 0.619, "n": 1470, "by_repo": {"astropy__astropy": {"mrr": 0.7183, "hit1": 0.6, "hit2": 0.76, "hit3": 0.8, "n": 100, "latency_ms": {"mean": 164.7, "p50": 136.7, "p95": 336.1, "max": 2834.1, "over_100ms": 263}}, "django__django": {"mrr": 0.3819, "hit1": 0.3007, "hit2": 0.3951, "hit3": 0.4301, "n": 286, "latency_ms": {"mean": 220.7, "p50": 191.3, "p95": 484.5, "max": 1272.6, "over_100ms": 410}}, "matplotlib__matplotlib": {"mrr": 0.335, "hit1": 0.13, "hit2": 0.3, "hit3": 0.41, "n": 100, "latency_ms": {"mean": 144.5, "p50": 105.7, "p95": 391.1, "max": 1141.7, "over_100ms": 197}}, "mwaskom__seaborn": {"mrr": 0.6648, "hit1": 0.58, "hit2": 0.71, "hit3": 0.74, "n": 100, "latency_ms": {"mean": 39.9, "p50": 34.3, "p95": 72.8, "max": 269.8, "over_100ms": 9}}, "pallets__flask": {"mrr": 0.5089, "hit1": 0.4468, "hit2": 0.4894, "hit3": 0.5532, "n": 94, "latency_ms": {"mean": 33.0, "p50": 30.5, "p95": 55.4, "max": 177.3, "over_100ms": 9}}, "psf__requests": {"mrr": 0.8099, "hit1": 0.75, "hit2": 0.81, "hit3": 0.85, "n": 100, "latency_ms": {"mean": 23.8, "p50": 22.5, "p95": 32.0, "max": 111.3, "over_100ms": 1}}, "pydata__xarray": {"mrr": 0.6127, "hit1": 0.48, "hit2": 0.61, "hit3": 0.68, "n": 100, "latency_ms": {"mean": 33.6, "p50": 30.0, "p95": 56.8, "max": 208.0, "over_100ms": 5}}, "pylint-dev__pylint": {"mrr": 0.6788, "hit1": 0.6, "hit2": 0.64, "hit3": 0.71, "n": 100, "latency_ms": {"mean": 144.2, "p50": 131.4, "p95": 341.7, "max": 719.2, "over_100ms": 198}}, "pytest-dev__pytest": {"mrr": 0.8048, "hit1": 0.74, "hit2": 0.79, "hit3": 0.88, "n": 100, "latency_ms": {"mean": 48.9, "p50": 44.6, "p95": 79.4, "max": 204.6, "over_100ms": 15}}, "scikit-learn__scikit-learn": {"mrr": 0.4049, "hit1": 0.34, "hit2": 0.41, "hit3": 0.42, "n": 100, "latency_ms": {"mean": 100.1, "p50": 86.7, "p95": 238.9, "max": 609.1, "over_100ms": 144}}, "sphinx-doc__sphinx": {"mrr": 0.4198, "hit1": 0.2935, "hit2": 0.4022, "hit3": 0.5217, "n": 92, "latency_ms": {"mean": 117.7, "p50": 103.8, "p95": 286.1, "max": 706.4, "over_100ms": 210}}, "sympy__sympy": {"mrr": 0.5138, "hit1": 0.3673, "hit2": 0.5204, "hit3": 0.602, "n": 98, "latency_ms": {"mean": 95.0, "p50": 84.3, "p95": 233.9, "max": 449.8, "over_100ms": 159}}, "torvalds__linux": {"mrr": 0.7217, "hit1": 0.63, "hit2": 0.76, "hit3": 0.79, "n": 100, "latency_ms": {"mean": 280.3, "p50": 209.7, "p95": 930.1, "max": 1628.9, "over_100ms": 265}}}}, "content": {"mrr": 0.7034, "hit1": 0.6696, "hit2": 0.7098, "hit3": 0.7292, "n": 1344, "by_repo": {"astropy__astropy": {"mrr": 0.9, "hit1": 0.89, "hit2": 0.91, "hit3": 0.91, "n": 100, "latency_ms": {"mean": 164.7, "p50": 136.7, "p95": 336.1, "max": 2834.1, "over_100ms": 263}}, "django__django": {"mrr": 0.2803, "hit1": 0.2803, "hit2": 0.2803, "hit3": 0.2803, "n": 157, "latency_ms": {"mean": 220.7, "p50": 191.3, "p95": 484.5, "max": 1272.6, "over_100ms": 410}}, "matplotlib__matplotlib": {"mrr": 0.93, "hit1": 0.93, "hit2": 0.93, "hit3": 0.93, "n": 100, "latency_ms": {"mean": 144.5, "p50": 105.7, "p95": 391.1, "max": 1141.7, "over_100ms": 197}}, "mwaskom__seaborn": {"mrr": 0.8252, "hit1": 0.81, "hit2": 0.83, "hit3": 0.84, "n": 100, "latency_ms": {"mean": 39.9, "p50": 34.3, "p95": 72.8, "max": 269.8, "over_100ms": 9}}, "pallets__flask": {"mrr": 0.4847, "hit1": 0.4021, "hit2": 0.5155, "hit3": 0.5361, "n": 97, "latency_ms": {"mean": 33.0, "p50": 30.5, "p95": 55.4, "max": 177.3, "over_100ms": 9}}, "psf__requests": {"mrr": 0.8116, "hit1": 0.7629, "hit2": 0.8041, "hit3": 0.8454, "n": 97, "latency_ms": {"mean": 23.8, "p50": 22.5, "p95": 32.0, "max": 111.3, "over_100ms": 1}}, "pydata__xarray": {"mrr": 0.98, "hit1": 0.98, "hit2": 0.98, "hit3": 0.98, "n": 100, "latency_ms": {"mean": 33.6, "p50": 30.0, "p95": 56.8, "max": 208.0, "over_100ms": 5}}, "pylint-dev__pylint": {"mrr": 0.78, "hit1": 0.78, "hit2": 0.78, "hit3": 0.78, "n": 100, "latency_ms": {"mean": 144.2, "p50": 131.4, "p95": 341.7, "max": 719.2, "over_100ms": 198}}, "pytest-dev__pytest": {"mrr": 0.97, "hit1": 0.97, "hit2": 0.97, "hit3": 0.97, "n": 100, "latency_ms": {"mean": 48.9, "p50": 44.6, "p95": 79.4, "max": 204.6, "over_100ms": 15}}, "scikit-learn__scikit-learn": {"mrr": 0.5791, "hit1": 0.5354, "hit2": 0.5859, "hit3": 0.596, "n": 99, "latency_ms": {"mean": 100.1, "p50": 86.7, "p95": 238.9, "max": 609.1, "over_100ms": 144}}, "sphinx-doc__sphinx": {"mrr": 0.6058, "hit1": 0.4948, "hit2": 0.6392, "hit3": 0.6907, "n": 97, "latency_ms": {"mean": 117.7, "p50": 103.8, "p95": 286.1, "max": 706.4, "over_100ms": 210}}, "sympy__sympy": {"mrr": 0.5489, "hit1": 0.4021, "hit2": 0.5567, "hit3": 0.6804, "n": 97, "latency_ms": {"mean": 95.0, "p50": 84.3, "p95": 233.9, "max": 449.8, "over_100ms": 159}}, "torvalds__linux": {"mrr": 0.6783, "hit1": 0.67, "hit2": 0.68, "hit3": 0.69, "n": 100, "latency_ms": {"mean": 280.3, "p50": 209.7, "p95": 930.1, "max": 1628.9, "over_100ms": 265}}}}, "semantic": {"mrr": 0.0035, "hit1": 0.0, "hit2": 0.0006, "hit3": 0.0018, "n": 1688, "by_repo": {"astropy__astropy": {"mrr": 0.0011, "hit1": 0.0, "hit2": 0.0, "hit3": 0.0, "n": 130, "latency_ms": {"mean": 164.7, "p50": 136.7,