{"mrr": 0.7014, "hit1": 0.6592, "hit2": 0.7211, "hit3": 0.7361, "n": 1470, "by_repo": {"astropy__astropy": {"mrr": 0.8821, "hit1": 0.86, "hit2": 0.89, "hit3": 0.9, "n": 100, "latency_ms": {"mean": 10.7, "p50": 8.6, "p95": 25.8, "max": 133.1, "over_100ms": 1}}, "django__django": {"mrr": 0.5159, "hit1": 0.479, "hit2": 0.5315, "hit3": 0.535, "n": 286, "latency_ms": {"mean": 23.5, "p50": 15.0, "p95": 76.9, "max": 226.2, "over_100ms": 15}}, "matplotlib__matplotlib": {"mrr": 0.8067, "hit1": 0.78, "hit2": 0.82, "hit3": 0.84, "n": 100, "latency_ms": {"mean": 14.0, "p50": 10.1, "p95": 41.5, "max": 123.6, "over_100ms": 1}}, "mwaskom__seaborn": {"mrr": 0.7017, "hit1": 0.66, "hit2": 0.7, "hit3": 0.76, "n": 100, "latency_ms": {"mean": 5.7, "p50": 3.8, "p95": 13.1, "max": 63.6, "over_100ms": 0}}, "pallets__flask": {"mrr": 0.5762, "hit1": 0.5213, "hit2": 0.6277, "hit3": 0.6277, "n": 94, "latency_ms": {"mean": 4.9, "p50": 3.1, "p95": 13.3, "max": 37.8, "over_100ms": 0}}, "psf__requests": {"mrr": 0.867, "hit1": 0.85, "hit2": 0.87, "hit3": 0.87, "n": 100, "latency_ms": {"mean": 3.0, "p50": 1.6, "p95": 10.3, "max": 32.0, "over_100ms": 0}}, "pydata__xarray": {"mrr": 0.835, "hit1": 0.81, "hit2": 0.86, "hit3": 0.86, "n": 100, "latency_ms": {"mean": 3.7, "p50": 2.7, "p95": 9.9, "max": 24.6, "over_100ms": 0}}, "pylint-dev__pylint": {"mrr": 0.8733, "hit1": 0.86, "hit2": 0.88, "hit3": 0.89, "n": 100, "latency_ms": {"mean": 4.8, "p50": 3.7, "p95": 12.2, "max": 35.4, "over_100ms": 0}}, "pytest-dev__pytest": {"mrr": 0.8975, "hit1": 0.86, "hit2": 0.93, "hit3": 0.93, "n": 100, "latency_ms": {"mean": 4.0, "p50": 2.6, "p95": 10.8, "max": 44.5, "over_100ms": 0}}, "scikit-learn__scikit-learn": {"mrr": 0.5467, "hit1": 0.51, "hit2": 0.56, "hit3": 0.57, "n": 100, "latency_ms": {"mean": 5.5, "p50": 4.2, "p95": 15.5, "max": 31.8, "over_100ms": 0}}, "sphinx-doc__sphinx": {"mrr": 0.5143, "hit1": 0.413, "hit2": 0.5543, "hit3": 0.5978, "n": 92, "latency_ms": {"mean": 8.3, "p50": 6.2, "p95": 22.1, "max": 90.0, "over_100ms": 0}}, "sympy__sympy": {"mrr": 0.6112, "hit1": 0.5102, "hit2": 0.6327, "hit3": 0.6837, "n": 98, "latency_ms": {"mean": 4.1, "p50": 2.8, "p95": 10.0, "max": 89.6, "over_100ms": 0}}, "torvalds__linux": {"mrr": 0.8108, "hit1": 0.76, "hit2": 0.85, "hit3": 0.86, "n": 100, "latency_ms": {"mean": 22.5, "p50": 16.1, "p95": 66.4, "max": 158.0, "over_100ms": 7}}}, "overall": {"mrr": 0.4604108377659574, "hit1": 0.4240299202127659, "hit3": 0.4812370013297872, "n": 6016}, "supported_overall": {"mrr": 0.4604108377659574, "hit1": 0.4240299202127659, "hit3": 0.4812370013297872, "n": 6016}, "supported_gold_kinds": ["definition", "content", "semantic", "swebench", "sessions"], "latency_ms": {"mean": 9.1, "p50": 4.4, "p95": 33.0, "max": 226.2, "over_100ms": 24}, "golds": {"definition": {"mrr": 0.7014, "hit1": 0.6592, "hit2": 0.7211, "hit3": 0.7361, "n": 1470, "by_repo": {"astropy__astropy": {"mrr": 0.8821, "hit1": 0.86, "hit2": 0.89, "hit3": 0.9, "n": 100, "latency_ms": {"mean": 10.7, "p50": 8.6, "p95": 25.8, "max": 133.1, "over_100ms": 1}}, "django__django": {"mrr": 0.5159, "hit1": 0.479, "hit2": 0.5315, "hit3": 0.535, "n": 286, "latency_ms": {"mean": 23.5, "p50": 15.0, "p95": 76.9, "max": 226.2, "over_100ms": 15}}, "matplotlib__matplotlib": {"mrr": 0.8067, "hit1": 0.78, "hit2": 0.82, "hit3": 0.84, "n": 100, "latency_ms": {"mean": 14.0, "p50": 10.1, "p95": 41.5, "max": 123.6, "over_100ms": 1}}, "mwaskom__seaborn": {"mrr": 0.7017, "hit1": 0.66, "hit2": 0.7, "hit3": 0.76, "n": 100, "latency_ms": {"mean": 5.7, "p50": 3.8, "p95": 13.1, "max": 63.6, "over_100ms": 0}}, "pallets__flask": {"mrr": 0.5762, "hit1": 0.5213, "hit2": 0.6277, "hit3": 0.6277, "n": 94, "latency_ms": {"mean": 4.9, "p50": 3.1, "p95": 13.3, "max": 37.8, "over_100ms": 0}}, "psf__requests": {"mrr": 0.867, "hit1": 0.85, "hit2": 0.87, "hit3": 0.87, "n": 100, "latency_ms": {"mean": 3.0, "p50": 1.6, "p95": 10.3, "max": 32.0, "over_100ms": 0}}, "pydata__xarray": {"mrr": 0.835, "hit1": 0.81, "hit2": 0.86, "hit3": 0.86, "n": 100, "latency_ms": {"mean": 3.7, "p50": 2.7, "p95": 9.9, "max": 24.6, "over_100ms": 0}}, "pylint-dev__pylint": {"mrr": 0.8733, "hit1": 0.86, "hit2": 0.88, "hit3": 0.89, "n": 100, "latency_ms": {"mean": 4.8, "p50": 3.7, "p95": 12.2, "max": 35.4, "over_100ms": 0}}, "pytest-dev__pytest": {"mrr": 0.8975, "hit1": 0.86, "hit2": 0.93, "hit3": 0.93, "n": 100, "latency_ms": {"mean": 4.0, "p50": 2.6, "p95": 10.8, "max": 44.5, "over_100ms": 0}}, "scikit-learn__scikit-learn": {"mrr": 0.5467, "hit1": 0.51, "hit2": 0.56, "hit3": 0.57, "n": 100, "latency_ms": {"mean": 5.5, "p50": 4.2, "p95": 15.5, "max": 31.8, "over_100ms": 0}}, "sphinx-doc__sphinx": {"mrr": 0.5143, "hit1": 0.413, "hit2": 0.5543, "hit3": 0.5978, "n": 92, "latency_ms": {"mean": 8.3, "p50": 6.2, "p95": 22.1, "max": 90.0, "over_100ms": 0}}, "sympy__sympy": {"mrr": 0.6112, "hit1": 0.5102, "hit2": 0.6327, "hit3": 0.6837, "n": 98, "latency_ms": {"mean": 4.1, "p50": 2.8, "p95": 10.0, "max": 89.6, "over_100ms": 0}}, "torvalds__linux": {"mrr": 0.8108, "hit1": 0.76, "hit2": 0.85, "hit3": 0.86, "n": 100, "latency_ms": {"mean": 22.5, "p50": 16.1, "p95": 66.4, "max": 158.0, "over_100ms": 7}}}}, "content": {"mrr": 0.8714, "hit1": 0.8452, "hit2": 0.8787, "hit3": 0.8929, "n": 1344, "by_repo": {"astropy__astropy": {"mrr": 1.0, "hit1": 1.0, "hit2": 1.0, "hit3": 1.0, "n": 100, "latency_ms": {"mean": 10.7, "p50": 8.6, "p95": 25.8, "max": 133.1, "over_100ms": 1}}, "django__django": {"mrr": 1.0, "hit1": 1.0, "hit2": 1.0, "hit3": 1.0, "n": 157, "latency_ms": {"mean": 23.5, "p50": 15.0, "p95": 76.9, "max": 226.2, "over_100ms": 15}}, "matplotlib__matplotlib": {"mrr": 0.99, "hit1": 0.99, "hit2": 0.99, "hit3": 0.99, "n": 100, "latency_ms": {"mean": 14.0, "p50": 10.1, "p95": 41.5, "max": 123.6, "over_100ms": 1}}, "mwaskom__seaborn": {"mrr": 0.9633, "hit1": 0.95, "hit2": 0.97, "hit3": 0.98, "n": 100, "latency_ms": {"mean": 5.7, "p50": 3.8, "p95": 13.1, "max": 63.6, "over_100ms": 0}}, "pallets__flask": {"mrr": 0.5797, "hit1": 0.5155, "hit2": 0.5979, "hit3": 0.6392, "n": 97, "latency_ms": {"mean": 4.9, "p50": 3.1, "p95": 13.3, "max": 37.8, "over_100ms": 0}}, "psf__requests": {"mrr": 0.8067, "hit1": 0.7732, "hit2": 0.8144, "hit3": 0.8454, "n": 97, "latency_ms": {"mean": 3.0, "p50": 1.6, "p95": 10.3, "max": 32.0, "over_100ms": 0}}, "pydata__xarray": {"mrr": 1.0, "hit1": 1.0, "hit2": 1.0, "hit3": 1.0, "n": 100, "latency_ms": {"mean": 3.7, "p50": 2.7, "p95": 9.9, "max": 24.6, "over_100ms": 0}}, "pylint-dev__pylint": {"mrr": 1.0, "hit1": 1.0, "hit2": 1.0, "hit3": 1.0, "n": 100, "latency_ms": {"mean": 4.8, "p50": 3.7, "p95": 12.2, "max": 35.4, "over_100ms": 0}}, "pytest-dev__pytest": {"mrr": 1.0, "hit1": 1.0, "hit2": 1.0, "hit3": 1.0, "n": 100, "latency_ms": {"mean": 4.0, "p50": 2.6, "p95": 10.8, "max": 44.5, "over_100ms": 0}}, "scikit-learn__scikit-learn": {"mrr": 0.6514, "hit1": 0.6162, "hit2": 0.6465, "hit3": 0.6667, "n": 99, "latency_ms": {"mean": 5.5, "p50": 4.2, "p95": 15.5, "max": 31.8, "over_100ms": 0}}, "sphinx-doc__sphinx": {"mrr": 0.6289, "hit1": 0.5258, "hit2": 0.6804, "hit3": 0.701, "n": 97, "latency_ms": {"mean": 8.3, "p50": 6.2, "p95": 22.1, "max": 90.0, "over_100ms": 0}}, "sympy__sympy": {"mrr": 0.617, "hit1": 0.5052, "hit2": 0.6392, "hit3": 0.7113, "n": 97, "latency_ms": {"mean": 4.1, "p50": 2.8, "p95": 10.0, "max": 89.6, "over_100ms": 0}}, "torvalds__linux": {"mrr": 0.99, "hit1": 0.99, "hit2": 0.99, "hit3": 0.99, "n": 100, "latency_ms": {"mean": 22.5, "p50": 16.1, "p95": 66.4, "max": 158.0, "over_100ms": 7}}}}, "semantic": {"mrr": 0.0227, "hit1": 0.0059, "hit2": 0.0107, "hit3": 0.0225, "n": 1688, "by_repo": {"astropy__astropy": {"mrr": 0.0197, "hit1": 0.0077, "hit2": 0.0154, "hit3": 0.0154, "n": 130, "latency_ms": {"mean": 10.7, "p50": 8.6, "p95": 25.8, "max": 133.1, "over_100ms": 1}}, "django__django": {"mrr": 0.0071, "hit1": 0.0, "hit2": 0.0, "hit3": 0.0, "n": 130, "latency_ms": {"mean": 23.5, "p50": 15.0, "p95": 76.9, "max": 226.2, "over_100ms": 15}},