{"mrr": 0.3897, "hit1": 0.2558, "hit2": 0.3816, "hit3": 0.4796, "n": 1470, "by_repo": {"astropy__astropy": {"mrr": 0.5582, "hit1": 0.37, "hit2": 0.56, "hit3": 0.7, "n": 100, "latency_ms": {"mean": 189.1, "p50": 180.5, "p95": 265.8, "max": 1986.0, "over_100ms": 339}}, "django__django": {"mrr": 0.2223, "hit1": 0.1538, "hit2": 0.1853, "hit3": 0.2448, "n": 286, "latency_ms": {"mean": 199.4, "p50": 195.5, "p95": 300.7, "max": 2723.0, "over_100ms": 485}}, "matplotlib__matplotlib": {"mrr": 0.0, "hit1": 0.0, "hit2": 0.0, "hit3": 0.0, "n": 100, "latency_ms": {"mean": 149.0, "p50": 146.7, "p95": 222.8, "max": 1591.3, "over_100ms": 316}}, "mwaskom__seaborn": {"mrr": 0.5721, "hit1": 0.38, "hit2": 0.61, "hit3": 0.67, "n": 100, "latency_ms": {"mean": 30.4, "p50": 28.9, "p95": 44.9, "max": 167.9, "over_100ms": 5}}, "pallets__flask": {"mrr": 0.4553, "hit1": 0.2766, "hit2": 0.5213, "hit3": 0.6064, "n": 94, "latency_ms": {"mean": 25.2, "p50": 21.3, "p95": 57.6, "max": 202.6, "over_100ms": 3}}, "psf__requests": {"mrr": 0.6591, "hit1": 0.49, "hit2": 0.71, "hit3": 0.83, "n": 100, "latency_ms": {"mean": 16.7, "p50": 15.2, "p95": 29.3, "max": 93.7, "over_100ms": 0}}, "pydata__xarray": {"mrr": 0.4567, "hit1": 0.19, "hit2": 0.42, "hit3": 0.67, "n": 100, "latency_ms": {"mean": 46.2, "p50": 34.0, "p95": 67.0, "max": 2682.6, "over_100ms": 9}}, "pylint-dev__pylint": {"mrr": 0.4546, "hit1": 0.25, "hit2": 0.36, "hit3": 0.55, "n": 100, "latency_ms": {"mean": 140.9, "p50": 123.6, "p95": 226.7, "max": 858.8, "over_100ms": 228}}, "pytest-dev__pytest": {"mrr": 0.6638, "hit1": 0.48, "hit2": 0.69, "hit3": 0.82, "n": 100, "latency_ms": {"mean": 36.6, "p50": 33.0, "p95": 54.1, "max": 223.1, "over_100ms": 9}}, "scikit-learn__scikit-learn": {"mrr": 0.3884, "hit1": 0.28, "hit2": 0.38, "hit3": 0.45, "n": 100, "latency_ms": {"mean": 90.5, "p50": 78.6, "p95": 156.7, "max": 1022.9, "over_100ms": 113}}, "sphinx-doc__sphinx": {"mrr": 0.3996, "hit1": 0.2717, "hit2": 0.3913, "hit3": 0.4674, "n": 92, "latency_ms": {"mean": 98.5, "p50": 86.6, "p95": 178.8, "max": 589.0, "over_100ms": 171}}, "sympy__sympy": {"mrr": 0.5189, "hit1": 0.3571, "hit2": 0.4796, "hit3": 0.6429, "n": 98, "latency_ms": {"mean": 138.3, "p50": 123.4, "p95": 229.5, "max": 1492.1, "over_100ms": 367}}, "torvalds__linux": {"mrr": 0.036, "hit1": 0.02, "hit2": 0.03, "hit3": 0.03, "n": 100, "latency_ms": {"mean": 406.3, "p50": 295.1, "p95": 718.6, "max": 5932.2, "over_100ms": 370}}}, "overall": {"mrr": 0.3224659574468085, "hit1": 0.25085129654255317, "hit3": 0.3616823470744681, "n": 6016}, "supported_overall": {"mrr": 0.3224659574468085, "hit1": 0.25085129654255317, "hit3": 0.3616823470744681, "n": 6016}, "supported_gold_kinds": ["definition", "content", "semantic", "swebench", "sessions"], "latency_ms": {"mean": 121.6, "p50": 94.7, "p95": 301.3, "max": 5932.2, "over_100ms": 2415}, "golds": {"definition": {"mrr": 0.3897, "hit1": 0.2558, "hit2": 0.3816, "hit3": 0.4796, "n": 1470, "by_repo": {"astropy__astropy": {"mrr": 0.5582, "hit1": 0.37, "hit2": 0.56, "hit3": 0.7, "n": 100, "latency_ms": {"mean": 189.1, "p50": 180.5, "p95": 265.8, "max": 1986.0, "over_100ms": 339}}, "django__django": {"mrr": 0.2223, "hit1": 0.1538, "hit2": 0.1853, "hit3": 0.2448, "n": 286, "latency_ms": {"mean": 199.4, "p50": 195.5, "p95": 300.7, "max": 2723.0, "over_100ms": 485}}, "matplotlib__matplotlib": {"mrr": 0.0, "hit1": 0.0, "hit2": 0.0, "hit3": 0.0, "n": 100, "latency_ms": {"mean": 149.0, "p50": 146.7, "p95": 222.8, "max": 1591.3, "over_100ms": 316}}, "mwaskom__seaborn": {"mrr": 0.5721, "hit1": 0.38, "hit2": 0.61, "hit3": 0.67, "n": 100, "latency_ms": {"mean": 30.4, "p50": 28.9, "p95": 44.9, "max": 167.9, "over_100ms": 5}}, "pallets__flask": {"mrr": 0.4553, "hit1": 0.2766, "hit2": 0.5213, "hit3": 0.6064, "n": 94, "latency_ms": {"mean": 25.2, "p50": 21.3, "p95": 57.6, "max": 202.6, "over_100ms": 3}}, "psf__requests": {"mrr": 0.6591, "hit1": 0.49, "hit2": 0.71, "hit3": 0.83, "n": 100, "latency_ms": {"mean": 16.7, "p50": 15.2, "p95": 29.3, "max": 93.7, "over_100ms": 0}}, "pydata__xarray": {"mrr": 0.4567, "hit1": 0.19, "hit2": 0.42, "hit3": 0.67, "n": 100, "latency_ms": {"mean": 46.2, "p50": 34.0, "p95": 67.0, "max": 2682.6, "over_100ms": 9}}, "pylint-dev__pylint": {"mrr": 0.4546, "hit1": 0.25, "hit2": 0.36, "hit3": 0.55, "n": 100, "latency_ms": {"mean": 140.9, "p50": 123.6, "p95": 226.7, "max": 858.8, "over_100ms": 228}}, "pytest-dev__pytest": {"mrr": 0.6638, "hit1": 0.48, "hit2": 0.69, "hit3": 0.82, "n": 100, "latency_ms": {"mean": 36.6, "p50": 33.0, "p95": 54.1, "max": 223.1, "over_100ms": 9}}, "scikit-learn__scikit-learn": {"mrr": 0.3884, "hit1": 0.28, "hit2": 0.38, "hit3": 0.45, "n": 100, "latency_ms": {"mean": 90.5, "p50": 78.6, "p95": 156.7, "max": 1022.9, "over_100ms": 113}}, "sphinx-doc__sphinx": {"mrr": 0.3996, "hit1": 0.2717, "hit2": 0.3913, "hit3": 0.4674, "n": 92, "latency_ms": {"mean": 98.5, "p50": 86.6, "p95": 178.8, "max": 589.0, "over_100ms": 171}}, "sympy__sympy": {"mrr": 0.5189, "hit1": 0.3571, "hit2": 0.4796, "hit3": 0.6429, "n": 98, "latency_ms": {"mean": 138.3, "p50": 123.4, "p95": 229.5, "max": 1492.1, "over_100ms": 367}}, "torvalds__linux": {"mrr": 0.036, "hit1": 0.02, "hit2": 0.03, "hit3": 0.03, "n": 100, "latency_ms": {"mean": 406.3, "p50": 295.1, "p95": 718.6, "max": 5932.2, "over_100ms": 370}}}}, "content": {"mrr": 0.6656, "hit1": 0.6414, "hit2": 0.6644, "hit3": 0.6815, "n": 1344, "by_repo": {"astropy__astropy": {"mrr": 0.91, "hit1": 0.91, "hit2": 0.91, "hit3": 0.91, "n": 100, "latency_ms": {"mean": 189.1, "p50": 180.5, "p95": 265.8, "max": 1986.0, "over_100ms": 339}}, "django__django": {"mrr": 0.1952, "hit1": 0.1911, "hit2": 0.1975, "hit3": 0.1975, "n": 157, "latency_ms": {"mean": 199.4, "p50": 195.5, "p95": 300.7, "max": 2723.0, "over_100ms": 485}}, "matplotlib__matplotlib": {"mrr": 0.9233, "hit1": 0.92, "hit2": 0.92, "hit3": 0.93, "n": 100, "latency_ms": {"mean": 149.0, "p50": 146.7, "p95": 222.8, "max": 1591.3, "over_100ms": 316}}, "mwaskom__seaborn": {"mrr": 0.8279, "hit1": 0.81, "hit2": 0.83, "hit3": 0.85, "n": 100, "latency_ms": {"mean": 30.4, "p50": 28.9, "p95": 44.9, "max": 167.9, "over_100ms": 5}}, "pallets__flask": {"mrr": 0.5351, "hit1": 0.4742, "hit2": 0.5258, "hit3": 0.5567, "n": 97, "latency_ms": {"mean": 25.2, "p50": 21.3, "p95": 57.6, "max": 202.6, "over_100ms": 3}}, "psf__requests": {"mrr": 0.8034, "hit1": 0.7629, "hit2": 0.8041, "hit3": 0.8247, "n": 97, "latency_ms": {"mean": 16.7, "p50": 15.2, "p95": 29.3, "max": 93.7, "over_100ms": 0}}, "pydata__xarray": {"mrr": 0.98, "hit1": 0.98, "hit2": 0.98, "hit3": 0.98, "n": 100, "latency_ms": {"mean": 46.2, "p50": 34.0, "p95": 67.0, "max": 2682.6, "over_100ms": 9}}, "pylint-dev__pylint": {"mrr": 0.78, "hit1": 0.78, "hit2": 0.78, "hit3": 0.78, "n": 100, "latency_ms": {"mean": 140.9, "p50": 123.6, "p95": 226.7, "max": 858.8, "over_100ms": 228}}, "pytest-dev__pytest": {"mrr": 0.97, "hit1": 0.97, "hit2": 0.97, "hit3": 0.97, "n": 100, "latency_ms": {"mean": 36.6, "p50": 33.0, "p95": 54.1, "max": 223.1, "over_100ms": 9}}, "scikit-learn__scikit-learn": {"mrr": 0.6256, "hit1": 0.5859, "hit2": 0.6061, "hit3": 0.6465, "n": 99, "latency_ms": {"mean": 90.5, "p50": 78.6, "p95": 156.7, "max": 1022.9, "over_100ms": 113}}, "sphinx-doc__sphinx": {"mrr": 0.6239, "hit1": 0.5567, "hit2": 0.6289, "hit3": 0.6598, "n": 97, "latency_ms": {"mean": 98.5, "p50": 86.6, "p95": 178.8, "max": 589.0, "over_100ms": 171}}, "sympy__sympy": {"mrr": 0.6444, "hit1": 0.5464, "hit2": 0.6495, "hit3": 0.732, "n": 97, "latency_ms": {"mean": 138.3, "p50": 123.4, "p95": 229.5, "max": 1492.1, "over_100ms": 367}}, "torvalds__linux": {"mrr": 0.1, "hit1": 0.1, "hit2": 0.1, "hit3": 0.1, "n": 100, "latency_ms": {"mean": 406.3, "p50": 295.1, "p95": 718.6, "max": 5932.2, "over_100ms": 370}}}}, "semantic": {"mrr": 0.0775, "hit1": 0.0403, "hit2": 0.0681, "hit3": 0.0847, "n": 1688, "by_repo": {"astropy__astropy": {"mrr": 0.0193, "hit1": 0.0077, "hit2": 0.0231, "hit3": 0.0231, "n": 130, "latency_ms": {"mean": 189.1, "p50": 180.5,