{"mrr": 0.8689, "hit1": 0.8184, "hit2": 0.8898, "hit3": 0.9082, "n": 1470, "by_repo": {"astropy__astropy": {"mrr": 0.941, "hit1": 0.92, "hit2": 0.96, "hit3": 0.96, "n": 100, "latency_ms": {"mean": 79.1, "p50": 69.3, "p95": 167.3, "max": 359.3, "over_100ms": 120}}, "django__django": {"mrr": 0.8376, "hit1": 0.7902, "hit2": 0.8427, "hit3": 0.8636, "n": 286, "latency_ms": {"mean": 105.2, "p50": 87.9, "p95": 231.0, "max": 505.0, "over_100ms": 205}}, "matplotlib__matplotlib": {"mrr": 0.975, "hit1": 0.96, "hit2": 0.99, "hit3": 0.99, "n": 100, "latency_ms": {"mean": 63.2, "p50": 53.2, "p95": 147.4, "max": 387.7, "over_100ms": 88}}, "mwaskom__seaborn": {"mrr": 0.972, "hit1": 0.96, "hit2": 0.98, "hit3": 0.98, "n": 100, "latency_ms": {"mean": 56.0, "p50": 54.8, "p95": 111.0, "max": 235.1, "over_100ms": 23}}, "pallets__flask": {"mrr": 0.7461, "hit1": 0.6383, "hit2": 0.8085, "hit3": 0.8404, "n": 94, "latency_ms": {"mean": 43.4, "p50": 39.7, "p95": 84.2, "max": 211.4, "over_100ms": 9}}, "psf__requests": {"mrr": 0.944, "hit1": 0.9, "hit2": 0.98, "hit3": 0.98, "n": 100, "latency_ms": {"mean": 40.7, "p50": 37.5, "p95": 84.0, "max": 178.7, "over_100ms": 12}}, "pydata__xarray": {"mrr": 0.945, "hit1": 0.89, "hit2": 1.0, "hit3": 1.0, "n": 100, "latency_ms": {"mean": 45.5, "p50": 39.5, "p95": 100.6, "max": 221.3, "over_100ms": 20}}, "pylint-dev__pylint": {"mrr": 0.9509, "hit1": 0.93, "hit2": 0.97, "hit3": 0.97, "n": 100, "latency_ms": {"mean": 51.1, "p50": 51.5, "p95": 94.9, "max": 263.6, "over_100ms": 15}}, "pytest-dev__pytest": {"mrr": 0.975, "hit1": 0.95, "hit2": 1.0, "hit3": 1.0, "n": 100, "latency_ms": {"mean": 43.6, "p50": 40.6, "p95": 98.6, "max": 228.5, "over_100ms": 18}}, "scikit-learn__scikit-learn": {"mrr": 0.6996, "hit1": 0.63, "hit2": 0.72, "hit3": 0.75, "n": 100, "latency_ms": {"mean": 58.5, "p50": 53.5, "p95": 127.0, "max": 244.7, "over_100ms": 57}}, "sphinx-doc__sphinx": {"mrr": 0.6823, "hit1": 0.5652, "hit2": 0.6957, "hit3": 0.7826, "n": 92, "latency_ms": {"mean": 74.5, "p50": 60.9, "p95": 200.8, "max": 527.5, "over_100ms": 74}}, "sympy__sympy": {"mrr": 0.7453, "hit1": 0.6429, "hit2": 0.7755, "hit3": 0.8061, "n": 98, "latency_ms": {"mean": 124.4, "p50": 103.6, "p95": 248.2, "max": 3490.8, "over_100ms": 216}}, "torvalds__linux": {"mrr": 0.9161, "hit1": 0.88, "hit2": 0.91, "hit3": 0.95, "n": 100, "latency_ms": {"mean": 136.0, "p50": 129.5, "p95": 314.1, "max": 656.2, "over_100ms": 225}}}, "overall": {"mrr": 0.7021335106382979, "hit1": 0.6077190824468085, "hit3": 0.7732927526595745, "n": 6016}, "supported_overall": {"mrr": 0.7021335106382979, "hit1": 0.6077190824468085, "hit3": 0.7732927526595745, "n": 6016}, "supported_gold_kinds": ["definition", "content", "semantic", "swebench", "sessions"], "latency_ms": {"mean": 72.1, "p50": 54.4, "p95": 201.6, "max": 3490.8, "over_100ms": 1082}, "golds": {"definition": {"mrr": 0.8689, "hit1": 0.8184, "hit2": 0.8898, "hit3": 0.9082, "n": 1470, "by_repo": {"astropy__astropy": {"mrr": 0.941, "hit1": 0.92, "hit2": 0.96, "hit3": 0.96, "n": 100, "latency_ms": {"mean": 79.1, "p50": 69.3, "p95": 167.3, "max": 359.3, "over_100ms": 120}}, "django__django": {"mrr": 0.8376, "hit1": 0.7902, "hit2": 0.8427, "hit3": 0.8636, "n": 286, "latency_ms": {"mean": 105.2, "p50": 87.9, "p95": 231.0, "max": 505.0, "over_100ms": 205}}, "matplotlib__matplotlib": {"mrr": 0.975, "hit1": 0.96, "hit2": 0.99, "hit3": 0.99, "n": 100, "latency_ms": {"mean": 63.2, "p50": 53.2, "p95": 147.4, "max": 387.7, "over_100ms": 88}}, "mwaskom__seaborn": {"mrr": 0.972, "hit1": 0.96, "hit2": 0.98, "hit3": 0.98, "n": 100, "latency_ms": {"mean": 56.0, "p50": 54.8, "p95": 111.0, "max": 235.1, "over_100ms": 23}}, "pallets__flask": {"mrr": 0.7461, "hit1": 0.6383, "hit2": 0.8085, "hit3": 0.8404, "n": 94, "latency_ms": {"mean": 43.4, "p50": 39.7, "p95": 84.2, "max": 211.4, "over_100ms": 9}}, "psf__requests": {"mrr": 0.944, "hit1": 0.9, "hit2": 0.98, "hit3": 0.98, "n": 100, "latency_ms": {"mean": 40.7, "p50": 37.5, "p95": 84.0, "max": 178.7, "over_100ms": 12}}, "pydata__xarray": {"mrr": 0.945, "hit1": 0.89, "hit2": 1.0, "hit3": 1.0, "n": 100, "latency_ms": {"mean": 45.5, "p50": 39.5, "p95": 100.6, "max": 221.3, "over_100ms": 20}}, "pylint-dev__pylint": {"mrr": 0.9509, "hit1": 0.93, "hit2": 0.97, "hit3": 0.97, "n": 100, "latency_ms": {"mean": 51.1, "p50": 51.5, "p95": 94.9, "max": 263.6, "over_100ms": 15}}, "pytest-dev__pytest": {"mrr": 0.975, "hit1": 0.95, "hit2": 1.0, "hit3": 1.0, "n": 100, "latency_ms": {"mean": 43.6, "p50": 40.6, "p95": 98.6, "max": 228.5, "over_100ms": 18}}, "scikit-learn__scikit-learn": {"mrr": 0.6996, "hit1": 0.63, "hit2": 0.72, "hit3": 0.75, "n": 100, "latency_ms": {"mean": 58.5, "p50": 53.5, "p95": 127.0, "max": 244.7, "over_100ms": 57}}, "sphinx-doc__sphinx": {"mrr": 0.6823, "hit1": 0.5652, "hit2": 0.6957, "hit3": 0.7826, "n": 92, "latency_ms": {"mean": 74.5, "p50": 60.9, "p95": 200.8, "max": 527.5, "over_100ms": 74}}, "sympy__sympy": {"mrr": 0.7453, "hit1": 0.6429, "hit2": 0.7755, "hit3": 0.8061, "n": 98, "latency_ms": {"mean": 124.4, "p50": 103.6, "p95": 248.2, "max": 3490.8, "over_100ms": 216}}, "torvalds__linux": {"mrr": 0.9161, "hit1": 0.88, "hit2": 0.91, "hit3": 0.95, "n": 100, "latency_ms": {"mean": 136.0, "p50": 129.5, "p95": 314.1, "max": 656.2, "over_100ms": 225}}}}, "content": {"mrr": 0.8936, "hit1": 0.843, "hit2": 0.9196, "hit3": 0.9338, "n": 1344, "by_repo": {"astropy__astropy": {"mrr": 0.9308, "hit1": 0.88, "hit2": 0.97, "hit3": 0.98, "n": 100, "latency_ms": {"mean": 79.1, "p50": 69.3, "p95": 167.3, "max": 359.3, "over_100ms": 120}}, "django__django": {"mrr": 0.8978, "hit1": 0.8599, "hit2": 0.9236, "hit3": 0.9299, "n": 157, "latency_ms": {"mean": 105.2, "p50": 87.9, "p95": 231.0, "max": 505.0, "over_100ms": 205}}, "matplotlib__matplotlib": {"mrr": 0.9693, "hit1": 0.95, "hit2": 0.98, "hit3": 0.99, "n": 100, "latency_ms": {"mean": 63.2, "p50": 53.2, "p95": 147.4, "max": 387.7, "over_100ms": 88}}, "mwaskom__seaborn": {"mrr": 0.9614, "hit1": 0.94, "hit2": 0.98, "hit3": 0.98, "n": 100, "latency_ms": {"mean": 56.0, "p50": 54.8, "p95": 111.0, "max": 235.1, "over_100ms": 23}}, "pallets__flask": {"mrr": 0.7485, "hit1": 0.6186, "hit2": 0.7938, "hit3": 0.8557, "n": 97, "latency_ms": {"mean": 43.4, "p50": 39.7, "p95": 84.2, "max": 211.4, "over_100ms": 9}}, "psf__requests": {"mrr": 0.9203, "hit1": 0.866, "hit2": 0.9588, "hit3": 0.9588, "n": 97, "latency_ms": {"mean": 40.7, "p50": 37.5, "p95": 84.0, "max": 178.7, "over_100ms": 12}}, "pydata__xarray": {"mrr": 0.9656, "hit1": 0.94, "hit2": 0.99, "hit3": 0.99, "n": 100, "latency_ms": {"mean": 45.5, "p50": 39.5, "p95": 100.6, "max": 221.3, "over_100ms": 20}}, "pylint-dev__pylint": {"mrr": 0.9642, "hit1": 0.95, "hit2": 0.96, "hit3": 0.98, "n": 100, "latency_ms": {"mean": 51.1, "p50": 51.5, "p95": 94.9, "max": 263.6, "over_100ms": 15}}, "pytest-dev__pytest": {"mrr": 0.995, "hit1": 0.99, "hit2": 1.0, "hit3": 1.0, "n": 100, "latency_ms": {"mean": 43.6, "p50": 40.6, "p95": 98.6, "max": 228.5, "over_100ms": 18}}, "scikit-learn__scikit-learn": {"mrr": 0.7844, "hit1": 0.7172, "hit2": 0.8081, "hit3": 0.8182, "n": 99, "latency_ms": {"mean": 58.5, "p50": 53.5, "p95": 127.0, "max": 244.7, "over_100ms": 57}}, "sphinx-doc__sphinx": {"mrr": 0.7406, "hit1": 0.6186, "hit2": 0.7938, "hit3": 0.8351, "n": 97, "latency_ms": {"mean": 74.5, "p50": 60.9, "p95": 200.8, "max": 527.5, "over_100ms": 74}}, "sympy__sympy": {"mrr": 0.7394, "hit1": 0.6289, "hit2": 0.7938, "hit3": 0.8247, "n": 97, "latency_ms": {"mean": 124.4, "p50": 103.6, "p95": 248.2, "max": 3490.8, "over_100ms": 216}}, "torvalds__linux": {"mrr": 0.9825, "hit1": 0.97, "hit2": 0.99, "hit3": 0.99, "n": 100, "latency_ms": {"mean": 136.0, "p50": 129.5, "p95": 314.1, "max": 656.2, "over_100ms": 225}}}}, "semantic": {"mrr": 0.5871, "hit1": 0.4295, "hit2": 0.6286, "hit3": 0.7186, "n": 1688, "by_repo": {"astropy__astropy": {"mrr": 0.5709, "hit1": 0.4308, "hit2": 0.6308, "hit3": 0.6846, "n": 130, "latency_ms": {"mean": 79.1, "p50": 69.3, "p95": 167.3, "max": 359.3,