{"mrr": 0.8686, "hit1": 0.8177, "hit2": 0.8898, "hit3": 0.9082, "n": 1470, "by_repo": {"astropy__astropy": {"mrr": 0.941, "hit1": 0.92, "hit2": 0.96, "hit3": 0.96, "n": 100, "latency_ms": {"mean": 79.1, "p50": 72.0, "p95": 174.8, "max": 404.1, "over_100ms": 118}}, "django__django": {"mrr": 0.8376, "hit1": 0.7902, "hit2": 0.8427, "hit3": 0.8636, "n": 286, "latency_ms": {"mean": 105.2, "p50": 87.5, "p95": 226.8, "max": 433.1, "over_100ms": 200}}, "matplotlib__matplotlib": {"mrr": 0.975, "hit1": 0.96, "hit2": 0.99, "hit3": 0.99, "n": 100, "latency_ms": {"mean": 63.3, "p50": 50.0, "p95": 144.0, "max": 332.5, "over_100ms": 87}}, "mwaskom__seaborn": {"mrr": 0.972, "hit1": 0.96, "hit2": 0.98, "hit3": 0.98, "n": 100, "latency_ms": {"mean": 56.5, "p50": 54.8, "p95": 112.8, "max": 268.6, "over_100ms": 30}}, "pallets__flask": {"mrr": 0.7461, "hit1": 0.6383, "hit2": 0.8085, "hit3": 0.8404, "n": 94, "latency_ms": {"mean": 42.7, "p50": 40.2, "p95": 83.2, "max": 187.6, "over_100ms": 9}}, "psf__requests": {"mrr": 0.944, "hit1": 0.9, "hit2": 0.98, "hit3": 0.98, "n": 100, "latency_ms": {"mean": 39.9, "p50": 36.1, "p95": 80.1, "max": 225.7, "over_100ms": 10}}, "pydata__xarray": {"mrr": 0.945, "hit1": 0.89, "hit2": 1.0, "hit3": 1.0, "n": 100, "latency_ms": {"mean": 48.0, "p50": 44.4, "p95": 106.3, "max": 238.5, "over_100ms": 25}}, "pylint-dev__pylint": {"mrr": 0.9509, "hit1": 0.93, "hit2": 0.97, "hit3": 0.97, "n": 100, "latency_ms": {"mean": 49.8, "p50": 50.9, "p95": 93.7, "max": 239.2, "over_100ms": 14}}, "pytest-dev__pytest": {"mrr": 0.975, "hit1": 0.95, "hit2": 1.0, "hit3": 1.0, "n": 100, "latency_ms": {"mean": 42.7, "p50": 42.4, "p95": 91.3, "max": 220.8, "over_100ms": 8}}, "scikit-learn__scikit-learn": {"mrr": 0.6996, "hit1": 0.63, "hit2": 0.72, "hit3": 0.75, "n": 100, "latency_ms": {"mean": 59.5, "p50": 55.3, "p95": 119.4, "max": 292.7, "over_100ms": 52}}, "sphinx-doc__sphinx": {"mrr": 0.6823, "hit1": 0.5652, "hit2": 0.6957, "hit3": 0.7826, "n": 92, "latency_ms": {"mean": 72.3, "p50": 59.7, "p95": 175.1, "max": 443.7, "over_100ms": 66}}, "sympy__sympy": {"mrr": 0.7453, "hit1": 0.6429, "hit2": 0.7755, "hit3": 0.8061, "n": 98, "latency_ms": {"mean": 117.4, "p50": 101.0, "p95": 252.0, "max": 2834.1, "over_100ms": 212}}, "torvalds__linux": {"mrr": 0.9111, "hit1": 0.87, "hit2": 0.91, "hit3": 0.95, "n": 100, "latency_ms": {"mean": 136.3, "p50": 137.3, "p95": 325.8, "max": 497.8, "over_100ms": 221}}}, "overall": {"mrr": 0.7020040890957446, "hit1": 0.6075480385638298, "hit3": 0.7731244015957447, "n": 6016}, "supported_overall": {"mrr": 0.7020040890957446, "hit1": 0.6075480385638298, "hit3": 0.7731244015957447, "n": 6016}, "supported_gold_kinds": ["definition", "content", "semantic", "swebench", "sessions"], "latency_ms": {"mean": 71.4, "p50": 54.2, "p95": 197.2, "max": 2834.1, "over_100ms": 1052}, "golds": {"definition": {"mrr": 0.8686, "hit1": 0.8177, "hit2": 0.8898, "hit3": 0.9082, "n": 1470, "by_repo": {"astropy__astropy": {"mrr": 0.941, "hit1": 0.92, "hit2": 0.96, "hit3": 0.96, "n": 100, "latency_ms": {"mean": 79.1, "p50": 72.0, "p95": 174.8, "max": 404.1, "over_100ms": 118}}, "django__django": {"mrr": 0.8376, "hit1": 0.7902, "hit2": 0.8427, "hit3": 0.8636, "n": 286, "latency_ms": {"mean": 105.2, "p50": 87.5, "p95": 226.8, "max": 433.1, "over_100ms": 200}}, "matplotlib__matplotlib": {"mrr": 0.975, "hit1": 0.96, "hit2": 0.99, "hit3": 0.99, "n": 100, "latency_ms": {"mean": 63.3, "p50": 50.0, "p95": 144.0, "max": 332.5, "over_100ms": 87}}, "mwaskom__seaborn": {"mrr": 0.972, "hit1": 0.96, "hit2": 0.98, "hit3": 0.98, "n": 100, "latency_ms": {"mean": 56.5, "p50": 54.8, "p95": 112.8, "max": 268.6, "over_100ms": 30}}, "pallets__flask": {"mrr": 0.7461, "hit1": 0.6383, "hit2": 0.8085, "hit3": 0.8404, "n": 94, "latency_ms": {"mean": 42.7, "p50": 40.2, "p95": 83.2, "max": 187.6, "over_100ms": 9}}, "psf__requests": {"mrr": 0.944, "hit1": 0.9, "hit2": 0.98, "hit3": 0.98, "n": 100, "latency_ms": {"mean": 39.9, "p50": 36.1, "p95": 80.1, "max": 225.7, "over_100ms": 10}}, "pydata__xarray": {"mrr": 0.945, "hit1": 0.89, "hit2": 1.0, "hit3": 1.0, "n": 100, "latency_ms": {"mean": 48.0, "p50": 44.4, "p95": 106.3, "max": 238.5, "over_100ms": 25}}, "pylint-dev__pylint": {"mrr": 0.9509, "hit1": 0.93, "hit2": 0.97, "hit3": 0.97, "n": 100, "latency_ms": {"mean": 49.8, "p50": 50.9, "p95": 93.7, "max": 239.2, "over_100ms": 14}}, "pytest-dev__pytest": {"mrr": 0.975, "hit1": 0.95, "hit2": 1.0, "hit3": 1.0, "n": 100, "latency_ms": {"mean": 42.7, "p50": 42.4, "p95": 91.3, "max": 220.8, "over_100ms": 8}}, "scikit-learn__scikit-learn": {"mrr": 0.6996, "hit1": 0.63, "hit2": 0.72, "hit3": 0.75, "n": 100, "latency_ms": {"mean": 59.5, "p50": 55.3, "p95": 119.4, "max": 292.7, "over_100ms": 52}}, "sphinx-doc__sphinx": {"mrr": 0.6823, "hit1": 0.5652, "hit2": 0.6957, "hit3": 0.7826, "n": 92, "latency_ms": {"mean": 72.3, "p50": 59.7, "p95": 175.1, "max": 443.7, "over_100ms": 66}}, "sympy__sympy": {"mrr": 0.7453, "hit1": 0.6429, "hit2": 0.7755, "hit3": 0.8061, "n": 98, "latency_ms": {"mean": 117.4, "p50": 101.0, "p95": 252.0, "max": 2834.1, "over_100ms": 212}}, "torvalds__linux": {"mrr": 0.9111, "hit1": 0.87, "hit2": 0.91, "hit3": 0.95, "n": 100, "latency_ms": {"mean": 136.3, "p50": 137.3, "p95": 325.8, "max": 497.8, "over_100ms": 221}}}}, "content": {"mrr": 0.8936, "hit1": 0.843, "hit2": 0.9196, "hit3": 0.9338, "n": 1344, "by_repo": {"astropy__astropy": {"mrr": 0.9308, "hit1": 0.88, "hit2": 0.97, "hit3": 0.98, "n": 100, "latency_ms": {"mean": 79.1, "p50": 72.0, "p95": 174.8, "max": 404.1, "over_100ms": 118}}, "django__django": {"mrr": 0.8978, "hit1": 0.8599, "hit2": 0.9236, "hit3": 0.9299, "n": 157, "latency_ms": {"mean": 105.2, "p50": 87.5, "p95": 226.8, "max": 433.1, "over_100ms": 200}}, "matplotlib__matplotlib": {"mrr": 0.9693, "hit1": 0.95, "hit2": 0.98, "hit3": 0.99, "n": 100, "latency_ms": {"mean": 63.3, "p50": 50.0, "p95": 144.0, "max": 332.5, "over_100ms": 87}}, "mwaskom__seaborn": {"mrr": 0.9614, "hit1": 0.94, "hit2": 0.98, "hit3": 0.98, "n": 100, "latency_ms": {"mean": 56.5, "p50": 54.8, "p95": 112.8, "max": 268.6, "over_100ms": 30}}, "pallets__flask": {"mrr": 0.7485, "hit1": 0.6186, "hit2": 0.7938, "hit3": 0.8557, "n": 97, "latency_ms": {"mean": 42.7, "p50": 40.2, "p95": 83.2, "max": 187.6, "over_100ms": 9}}, "psf__requests": {"mrr": 0.9203, "hit1": 0.866, "hit2": 0.9588, "hit3": 0.9588, "n": 97, "latency_ms": {"mean": 39.9, "p50": 36.1, "p95": 80.1, "max": 225.7, "over_100ms": 10}}, "pydata__xarray": {"mrr": 0.9656, "hit1": 0.94, "hit2": 0.99, "hit3": 0.99, "n": 100, "latency_ms": {"mean": 48.0, "p50": 44.4, "p95": 106.3, "max": 238.5, "over_100ms": 25}}, "pylint-dev__pylint": {"mrr": 0.9642, "hit1": 0.95, "hit2": 0.96, "hit3": 0.98, "n": 100, "latency_ms": {"mean": 49.8, "p50": 50.9, "p95": 93.7, "max": 239.2, "over_100ms": 14}}, "pytest-dev__pytest": {"mrr": 0.995, "hit1": 0.99, "hit2": 1.0, "hit3": 1.0, "n": 100, "latency_ms": {"mean": 42.7, "p50": 42.4, "p95": 91.3, "max": 220.8, "over_100ms": 8}}, "scikit-learn__scikit-learn": {"mrr": 0.7844, "hit1": 0.7172, "hit2": 0.8081, "hit3": 0.8182, "n": 99, "latency_ms": {"mean": 59.5, "p50": 55.3, "p95": 119.4, "max": 292.7, "over_100ms": 52}}, "sphinx-doc__sphinx": {"mrr": 0.7406, "hit1": 0.6186, "hit2": 0.7938, "hit3": 0.8351, "n": 97, "latency_ms": {"mean": 72.3, "p50": 59.7, "p95": 175.1, "max": 443.7, "over_100ms": 66}}, "sympy__sympy": {"mrr": 0.7394, "hit1": 0.6289, "hit2": 0.7938, "hit3": 0.8247, "n": 97, "latency_ms": {"mean": 117.4, "p50": 101.0, "p95": 252.0, "max": 2834.1, "over_100ms": 212}}, "torvalds__linux": {"mrr": 0.9825, "hit1": 0.97, "hit2": 0.99, "hit3": 0.99, "n": 100, "latency_ms": {"mean": 136.3, "p50": 137.3, "p95": 325.8, "max": 497.8, "over_100ms": 221}}}}, "semantic": {"mrr": 0.5869, "hit1": 0.4295, "hit2": 0.628, "hit3": 0.718, "n": 1688, "by_repo": {"astropy__astropy": {"mrr": 0.5709, "hit1": 0.4308, "hit2": 0.6308, "hit3": 0.6846, "n": 130, "latency_ms": {"mean": 79.1, "p50": 72.0, "p95": 174.8, "max": 404.1,