{"mrr": 0.8296, "hit1": 0.7823, "hit2": 0.851, "hit3": 0.866, "n": 1470, "by_repo": {"astropy__astropy": {"mrr": 0.941, "hit1": 0.92, "hit2": 0.96, "hit3": 0.96, "n": 100, "latency_ms": {"mean": 54.3, "p50": 45.7, "p95": 113.2, "max": 292.5, "over_100ms": 31}}, "django__django": {"mrr": 0.6657, "hit1": 0.6329, "hit2": 0.6748, "hit3": 0.6783, "n": 286, "latency_ms": {"mean": 76.0, "p50": 58.8, "p95": 203.9, "max": 427.9, "over_100ms": 99}}, "matplotlib__matplotlib": {"mrr": 0.965, "hit1": 0.95, "hit2": 0.98, "hit3": 0.98, "n": 100, "latency_ms": {"mean": 44.6, "p50": 40.7, "p95": 101.1, "max": 192.6, "over_100ms": 20}}, "mwaskom__seaborn": {"mrr": 0.962, "hit1": 0.95, "hit2": 0.97, "hit3": 0.97, "n": 100, "latency_ms": {"mean": 36.3, "p50": 30.1, "p95": 74.6, "max": 199.7, "over_100ms": 5}}, "pallets__flask": {"mrr": 0.7341, "hit1": 0.6277, "hit2": 0.7979, "hit3": 0.8298, "n": 94, "latency_ms": {"mean": 35.2, "p50": 32.2, "p95": 68.8, "max": 104.3, "over_100ms": 3}}, "psf__requests": {"mrr": 0.944, "hit1": 0.9, "hit2": 0.98, "hit3": 0.98, "n": 100, "latency_ms": {"mean": 30.3, "p50": 26.2, "p95": 58.3, "max": 182.5, "over_100ms": 8}}, "pydata__xarray": {"mrr": 0.945, "hit1": 0.89, "hit2": 1.0, "hit3": 1.0, "n": 100, "latency_ms": {"mean": 33.8, "p50": 28.5, "p95": 74.7, "max": 194.0, "over_100ms": 11}}, "pylint-dev__pylint": {"mrr": 0.9259, "hit1": 0.91, "hit2": 0.94, "hit3": 0.94, "n": 100, "latency_ms": {"mean": 37.1, "p50": 30.8, "p95": 83.5, "max": 202.2, "over_100ms": 11}}, "pytest-dev__pytest": {"mrr": 0.965, "hit1": 0.94, "hit2": 0.99, "hit3": 0.99, "n": 100, "latency_ms": {"mean": 29.9, "p50": 25.7, "p95": 65.8, "max": 190.2, "over_100ms": 5}}, "scikit-learn__scikit-learn": {"mrr": 0.6796, "hit1": 0.61, "hit2": 0.7, "hit3": 0.73, "n": 100, "latency_ms": {"mean": 38.7, "p50": 34.0, "p95": 82.2, "max": 260.2, "over_100ms": 12}}, "sphinx-doc__sphinx": {"mrr": 0.6823, "hit1": 0.5652, "hit2": 0.6957, "hit3": 0.7826, "n": 92, "latency_ms": {"mean": 38.6, "p50": 32.0, "p95": 85.9, "max": 231.5, "over_100ms": 16}}, "sympy__sympy": {"mrr": 0.7453, "hit1": 0.6429, "hit2": 0.7755, "hit3": 0.8061, "n": 98, "latency_ms": {"mean": 57.3, "p50": 32.5, "p95": 190.8, "max": 466.3, "over_100ms": 81}}, "torvalds__linux": {"mrr": 0.9161, "hit1": 0.88, "hit2": 0.91, "hit3": 0.95, "n": 100, "latency_ms": {"mean": 98.4, "p50": 62.9, "p95": 267.5, "max": 861.2, "over_100ms": 117}}}, "overall": {"mrr": 0.5064920877659574, "hit1": 0.46144687500000003, "hit3": 0.5377253656914893, "n": 6016}, "supported_overall": {"mrr": 0.5064920877659574, "hit1": 0.46144687500000003, "hit3": 0.5377253656914893, "n": 6016}, "supported_gold_kinds": ["definition", "content", "semantic", "swebench", "sessions"], "latency_ms": {"mean": 47.7, "p50": 34.1, "p95": 132.6, "max": 861.2, "over_100ms": 419}, "golds": {"definition": {"mrr": 0.8296, "hit1": 0.7823, "hit2": 0.851, "hit3": 0.866, "n": 1470, "by_repo": {"astropy__astropy": {"mrr": 0.941, "hit1": 0.92, "hit2": 0.96, "hit3": 0.96, "n": 100, "latency_ms": {"mean": 54.3, "p50": 45.7, "p95": 113.2, "max": 292.5, "over_100ms": 31}}, "django__django": {"mrr": 0.6657, "hit1": 0.6329, "hit2": 0.6748, "hit3": 0.6783, "n": 286, "latency_ms": {"mean": 76.0, "p50": 58.8, "p95": 203.9, "max": 427.9, "over_100ms": 99}}, "matplotlib__matplotlib": {"mrr": 0.965, "hit1": 0.95, "hit2": 0.98, "hit3": 0.98, "n": 100, "latency_ms": {"mean": 44.6, "p50": 40.7, "p95": 101.1, "max": 192.6, "over_100ms": 20}}, "mwaskom__seaborn": {"mrr": 0.962, "hit1": 0.95, "hit2": 0.97, "hit3": 0.97, "n": 100, "latency_ms": {"mean": 36.3, "p50": 30.1, "p95": 74.6, "max": 199.7, "over_100ms": 5}}, "pallets__flask": {"mrr": 0.7341, "hit1": 0.6277, "hit2": 0.7979, "hit3": 0.8298, "n": 94, "latency_ms": {"mean": 35.2, "p50": 32.2, "p95": 68.8, "max": 104.3, "over_100ms": 3}}, "psf__requests": {"mrr": 0.944, "hit1": 0.9, "hit2": 0.98, "hit3": 0.98, "n": 100, "latency_ms": {"mean": 30.3, "p50": 26.2, "p95": 58.3, "max": 182.5, "over_100ms": 8}}, "pydata__xarray": {"mrr": 0.945, "hit1": 0.89, "hit2": 1.0, "hit3": 1.0, "n": 100, "latency_ms": {"mean": 33.8, "p50": 28.5, "p95": 74.7, "max": 194.0, "over_100ms": 11}}, "pylint-dev__pylint": {"mrr": 0.9259, "hit1": 0.91, "hit2": 0.94, "hit3": 0.94, "n": 100, "latency_ms": {"mean": 37.1, "p50": 30.8, "p95": 83.5, "max": 202.2, "over_100ms": 11}}, "pytest-dev__pytest": {"mrr": 0.965, "hit1": 0.94, "hit2": 0.99, "hit3": 0.99, "n": 100, "latency_ms": {"mean": 29.9, "p50": 25.7, "p95": 65.8, "max": 190.2, "over_100ms": 5}}, "scikit-learn__scikit-learn": {"mrr": 0.6796, "hit1": 0.61, "hit2": 0.7, "hit3": 0.73, "n": 100, "latency_ms": {"mean": 38.7, "p50": 34.0, "p95": 82.2, "max": 260.2, "over_100ms": 12}}, "sphinx-doc__sphinx": {"mrr": 0.6823, "hit1": 0.5652, "hit2": 0.6957, "hit3": 0.7826, "n": 92, "latency_ms": {"mean": 38.6, "p50": 32.0, "p95": 85.9, "max": 231.5, "over_100ms": 16}}, "sympy__sympy": {"mrr": 0.7453, "hit1": 0.6429, "hit2": 0.7755, "hit3": 0.8061, "n": 98, "latency_ms": {"mean": 57.3, "p50": 32.5, "p95": 190.8, "max": 466.3, "over_100ms": 81}}, "torvalds__linux": {"mrr": 0.9161, "hit1": 0.88, "hit2": 0.91, "hit3": 0.95, "n": 100, "latency_ms": {"mean": 98.4, "p50": 62.9, "p95": 267.5, "max": 861.2, "over_100ms": 117}}}}, "content": {"mrr": 0.8639, "hit1": 0.8155, "hit2": 0.8884, "hit3": 0.9025, "n": 1344, "by_repo": {"astropy__astropy": {"mrr": 0.9308, "hit1": 0.88, "hit2": 0.97, "hit3": 0.98, "n": 100, "latency_ms": {"mean": 54.3, "p50": 45.7, "p95": 113.2, "max": 292.5, "over_100ms": 31}}, "django__django": {"mrr": 0.7316, "hit1": 0.7006, "hit2": 0.7516, "hit3": 0.758, "n": 157, "latency_ms": {"mean": 76.0, "p50": 58.8, "p95": 203.9, "max": 427.9, "over_100ms": 99}}, "matplotlib__matplotlib": {"mrr": 0.9533, "hit1": 0.94, "hit2": 0.96, "hit3": 0.97, "n": 100, "latency_ms": {"mean": 44.6, "p50": 40.7, "p95": 101.1, "max": 192.6, "over_100ms": 20}}, "mwaskom__seaborn": {"mrr": 0.9514, "hit1": 0.93, "hit2": 0.97, "hit3": 0.97, "n": 100, "latency_ms": {"mean": 36.3, "p50": 30.1, "p95": 74.6, "max": 199.7, "over_100ms": 5}}, "pallets__flask": {"mrr": 0.7004, "hit1": 0.5773, "hit2": 0.7423, "hit3": 0.8041, "n": 97, "latency_ms": {"mean": 35.2, "p50": 32.2, "p95": 68.8, "max": 104.3, "over_100ms": 3}}, "psf__requests": {"mrr": 0.9203, "hit1": 0.866, "hit2": 0.9588, "hit3": 0.9588, "n": 97, "latency_ms": {"mean": 30.3, "p50": 26.2, "p95": 58.3, "max": 182.5, "over_100ms": 8}}, "pydata__xarray": {"mrr": 0.9656, "hit1": 0.94, "hit2": 0.99, "hit3": 0.99, "n": 100, "latency_ms": {"mean": 33.8, "p50": 28.5, "p95": 74.7, "max": 194.0, "over_100ms": 11}}, "pylint-dev__pylint": {"mrr": 0.9442, "hit1": 0.93, "hit2": 0.94, "hit3": 0.96, "n": 100, "latency_ms": {"mean": 37.1, "p50": 30.8, "p95": 83.5, "max": 202.2, "over_100ms": 11}}, "pytest-dev__pytest": {"mrr": 0.995, "hit1": 0.99, "hit2": 1.0, "hit3": 1.0, "n": 100, "latency_ms": {"mean": 29.9, "p50": 25.7, "p95": 65.8, "max": 190.2, "over_100ms": 5}}, "scikit-learn__scikit-learn": {"mrr": 0.739, "hit1": 0.6768, "hit2": 0.7576, "hit3": 0.7677, "n": 99, "latency_ms": {"mean": 38.7, "p50": 34.0, "p95": 82.2, "max": 260.2, "over_100ms": 12}}, "sphinx-doc__sphinx": {"mrr": 0.7406, "hit1": 0.6186, "hit2": 0.7938, "hit3": 0.8351, "n": 97, "latency_ms": {"mean": 38.6, "p50": 32.0, "p95": 85.9, "max": 231.5, "over_100ms": 16}}, "sympy__sympy": {"mrr": 0.7394, "hit1": 0.6289, "hit2": 0.7938, "hit3": 0.8247, "n": 97, "latency_ms": {"mean": 57.3, "p50": 32.5, "p95": 190.8, "max": 466.3, "over_100ms": 81}}, "torvalds__linux": {"mrr": 0.9825, "hit1": 0.97, "hit2": 0.99, "hit3": 0.99, "n": 100, "latency_ms": {"mean": 98.4, "p50": 62.9, "p95": 267.5, "max": 861.2, "over_100ms": 117}}}}, "semantic": {"mrr": 0.0, "hit1": 0.0, "hit2": 0.0, "hit3": 0.0, "n": 1688, "by_repo": {"astropy__astropy": {"mrr": 0.0, "hit1": 0.0, "hit2": 0.0, "hit3": 0.0, "n": 130, "latency_ms": {"mean": 54.3, "p50": 45.7, "p95": 113.2, "max": 292.5, "over_100ms": 31}}, "django__django": {"mrr": 0.0, "hit1": 0.0, "hit2": 0.0,