{"mrr": 0.5889, "hit1": 0.4735, "hit2": 0.598, "hit3": 0.6619, "n": 1470, "by_repo": {"astropy__astropy": {"mrr": 0.7371, "hit1": 0.6, "hit2": 0.8, "hit3": 0.86, "n": 100, "latency_ms": {"mean": 22.2, "p50": 20.2, "p95": 35.7, "max": 106.0, "over_100ms": 1}}, "django__django": {"mrr": 0.3485, "hit1": 0.2448, "hit2": 0.3287, "hit3": 0.3846, "n": 286, "latency_ms": {"mean": 43.5, "p50": 37.4, "p95": 81.8, "max": 204.7, "over_100ms": 16}}, "matplotlib__matplotlib": {"mrr": 0.5441, "hit1": 0.33, "hit2": 0.57, "hit3": 0.74, "n": 100, "latency_ms": {"mean": 30.0, "p50": 26.7, "p95": 53.1, "max": 125.7, "over_100ms": 2}}, "mwaskom__seaborn": {"mrr": 0.6556, "hit1": 0.53, "hit2": 0.69, "hit3": 0.75, "n": 100, "latency_ms": {"mean": 13.8, "p50": 12.3, "p95": 22.8, "max": 52.2, "over_100ms": 0}}, "pallets__flask": {"mrr": 0.5985, "hit1": 0.5319, "hit2": 0.6277, "hit3": 0.6596, "n": 94, "latency_ms": {"mean": 13.6, "p50": 12.0, "p95": 22.6, "max": 66.4, "over_100ms": 0}}, "psf__requests": {"mrr": 0.8555, "hit1": 0.8, "hit2": 0.86, "hit3": 0.89, "n": 100, "latency_ms": {"mean": 12.2, "p50": 11.3, "p95": 18.4, "max": 56.9, "over_100ms": 0}}, "pydata__xarray": {"mrr": 0.6689, "hit1": 0.53, "hit2": 0.68, "hit3": 0.77, "n": 100, "latency_ms": {"mean": 13.9, "p50": 13.0, "p95": 20.7, "max": 51.2, "over_100ms": 0}}, "pylint-dev__pylint": {"mrr": 0.6167, "hit1": 0.51, "hit2": 0.59, "hit3": 0.66, "n": 100, "latency_ms": {"mean": 24.8, "p50": 23.4, "p95": 37.3, "max": 78.4, "over_100ms": 0}}, "pytest-dev__pytest": {"mrr": 0.6761, "hit1": 0.5, "hit2": 0.75, "hit3": 0.81, "n": 100, "latency_ms": {"mean": 14.3, "p50": 13.4, "p95": 20.1, "max": 57.9, "over_100ms": 0}}, "scikit-learn__scikit-learn": {"mrr": 0.5449, "hit1": 0.47, "hit2": 0.54, "hit3": 0.55, "n": 100, "latency_ms": {"mean": 23.4, "p50": 21.8, "p95": 38.9, "max": 68.5, "over_100ms": 0}}, "sphinx-doc__sphinx": {"mrr": 0.5431, "hit1": 0.4457, "hit2": 0.5217, "hit3": 0.5978, "n": 92, "latency_ms": {"mean": 19.9, "p50": 18.0, "p95": 30.7, "max": 61.0, "over_100ms": 0}}, "sympy__sympy": {"mrr": 0.6443, "hit1": 0.5408, "hit2": 0.6429, "hit3": 0.7041, "n": 98, "latency_ms": {"mean": 18.0, "p50": 16.2, "p95": 26.9, "max": 93.1, "over_100ms": 0}}, "torvalds__linux": {"mrr": 0.6678, "hit1": 0.55, "hit2": 0.67, "hit3": 0.74, "n": 100, "latency_ms": {"mean": 38.8, "p50": 35.3, "p95": 63.8, "max": 93.4, "over_100ms": 0}}}, "overall": {"mrr": 0.4013956781914894, "hit1": 0.34840608377659577, "hit3": 0.42852084441489363, "n": 6016}, "supported_overall": {"mrr": 0.4013956781914894, "hit1": 0.34840608377659577, "hit3": 0.42852084441489363, "n": 6016}, "supported_gold_kinds": ["definition", "content", "semantic", "swebench", "sessions"], "latency_ms": {"mean": 22.6, "p50": 18.3, "p95": 45.5, "max": 204.7, "over_100ms": 19}, "golds": {"definition": {"mrr": 0.5889, "hit1": 0.4735, "hit2": 0.598, "hit3": 0.6619, "n": 1470, "by_repo": {"astropy__astropy": {"mrr": 0.7371, "hit1": 0.6, "hit2": 0.8, "hit3": 0.86, "n": 100, "latency_ms": {"mean": 22.2, "p50": 20.2, "p95": 35.7, "max": 106.0, "over_100ms": 1}}, "django__django": {"mrr": 0.3485, "hit1": 0.2448, "hit2": 0.3287, "hit3": 0.3846, "n": 286, "latency_ms": {"mean": 43.5, "p50": 37.4, "p95": 81.8, "max": 204.7, "over_100ms": 16}}, "matplotlib__matplotlib": {"mrr": 0.5441, "hit1": 0.33, "hit2": 0.57, "hit3": 0.74, "n": 100, "latency_ms": {"mean": 30.0, "p50": 26.7, "p95": 53.1, "max": 125.7, "over_100ms": 2}}, "mwaskom__seaborn": {"mrr": 0.6556, "hit1": 0.53, "hit2": 0.69, "hit3": 0.75, "n": 100, "latency_ms": {"mean": 13.8, "p50": 12.3, "p95": 22.8, "max": 52.2, "over_100ms": 0}}, "pallets__flask": {"mrr": 0.5985, "hit1": 0.5319, "hit2": 0.6277, "hit3": 0.6596, "n": 94, "latency_ms": {"mean": 13.6, "p50": 12.0, "p95": 22.6, "max": 66.4, "over_100ms": 0}}, "psf__requests": {"mrr": 0.8555, "hit1": 0.8, "hit2": 0.86, "hit3": 0.89, "n": 100, "latency_ms": {"mean": 12.2, "p50": 11.3, "p95": 18.4, "max": 56.9, "over_100ms": 0}}, "pydata__xarray": {"mrr": 0.6689, "hit1": 0.53, "hit2": 0.68, "hit3": 0.77, "n": 100, "latency_ms": {"mean": 13.9, "p50": 13.0, "p95": 20.7, "max": 51.2, "over_100ms": 0}}, "pylint-dev__pylint": {"mrr": 0.6167, "hit1": 0.51, "hit2": 0.59, "hit3": 0.66, "n": 100, "latency_ms": {"mean": 24.8, "p50": 23.4, "p95": 37.3, "max": 78.4, "over_100ms": 0}}, "pytest-dev__pytest": {"mrr": 0.6761, "hit1": 0.5, "hit2": 0.75, "hit3": 0.81, "n": 100, "latency_ms": {"mean": 14.3, "p50": 13.4, "p95": 20.1, "max": 57.9, "over_100ms": 0}}, "scikit-learn__scikit-learn": {"mrr": 0.5449, "hit1": 0.47, "hit2": 0.54, "hit3": 0.55, "n": 100, "latency_ms": {"mean": 23.4, "p50": 21.8, "p95": 38.9, "max": 68.5, "over_100ms": 0}}, "sphinx-doc__sphinx": {"mrr": 0.5431, "hit1": 0.4457, "hit2": 0.5217, "hit3": 0.5978, "n": 92, "latency_ms": {"mean": 19.9, "p50": 18.0, "p95": 30.7, "max": 61.0, "over_100ms": 0}}, "sympy__sympy": {"mrr": 0.6443, "hit1": 0.5408, "hit2": 0.6429, "hit3": 0.7041, "n": 98, "latency_ms": {"mean": 18.0, "p50": 16.2, "p95": 26.9, "max": 93.1, "over_100ms": 0}}, "torvalds__linux": {"mrr": 0.6678, "hit1": 0.55, "hit2": 0.67, "hit3": 0.74, "n": 100, "latency_ms": {"mean": 38.8, "p50": 35.3, "p95": 63.8, "max": 93.4, "over_100ms": 0}}}}, "content": {"mrr": 0.8675, "hit1": 0.84, "hit2": 0.8683, "hit3": 0.8817, "n": 1344, "by_repo": {"astropy__astropy": {"mrr": 1.0, "hit1": 1.0, "hit2": 1.0, "hit3": 1.0, "n": 100, "latency_ms": {"mean": 22.2, "p50": 20.2, "p95": 35.7, "max": 106.0, "over_100ms": 1}}, "django__django": {"mrr": 1.0, "hit1": 1.0, "hit2": 1.0, "hit3": 1.0, "n": 157, "latency_ms": {"mean": 43.5, "p50": 37.4, "p95": 81.8, "max": 204.7, "over_100ms": 16}}, "matplotlib__matplotlib": {"mrr": 1.0, "hit1": 1.0, "hit2": 1.0, "hit3": 1.0, "n": 100, "latency_ms": {"mean": 30.0, "p50": 26.7, "p95": 53.1, "max": 125.7, "over_100ms": 2}}, "mwaskom__seaborn": {"mrr": 0.9692, "hit1": 0.95, "hit2": 0.98, "hit3": 0.99, "n": 100, "latency_ms": {"mean": 13.8, "p50": 12.3, "p95": 22.8, "max": 52.2, "over_100ms": 0}}, "pallets__flask": {"mrr": 0.4931, "hit1": 0.4433, "hit2": 0.4845, "hit3": 0.5052, "n": 97, "latency_ms": {"mean": 13.6, "p50": 12.0, "p95": 22.6, "max": 66.4, "over_100ms": 0}}, "psf__requests": {"mrr": 0.8001, "hit1": 0.7423, "hit2": 0.7938, "hit3": 0.8247, "n": 97, "latency_ms": {"mean": 12.2, "p50": 11.3, "p95": 18.4, "max": 56.9, "over_100ms": 0}}, "pydata__xarray": {"mrr": 1.0, "hit1": 1.0, "hit2": 1.0, "hit3": 1.0, "n": 100, "latency_ms": {"mean": 13.9, "p50": 13.0, "p95": 20.7, "max": 51.2, "over_100ms": 0}}, "pylint-dev__pylint": {"mrr": 1.0, "hit1": 1.0, "hit2": 1.0, "hit3": 1.0, "n": 100, "latency_ms": {"mean": 24.8, "p50": 23.4, "p95": 37.3, "max": 78.4, "over_100ms": 0}}, "pytest-dev__pytest": {"mrr": 1.0, "hit1": 1.0, "hit2": 1.0, "hit3": 1.0, "n": 100, "latency_ms": {"mean": 14.3, "p50": 13.4, "p95": 20.1, "max": 57.9, "over_100ms": 0}}, "scikit-learn__scikit-learn": {"mrr": 0.6326, "hit1": 0.5859, "hit2": 0.6162, "hit3": 0.6566, "n": 99, "latency_ms": {"mean": 23.4, "p50": 21.8, "p95": 38.9, "max": 68.5, "over_100ms": 0}}, "sphinx-doc__sphinx": {"mrr": 0.6195, "hit1": 0.5258, "hit2": 0.6186, "hit3": 0.6495, "n": 97, "latency_ms": {"mean": 19.9, "p50": 18.0, "p95": 30.7, "max": 61.0, "over_100ms": 0}}, "sympy__sympy": {"mrr": 0.6584, "hit1": 0.5464, "hit2": 0.6907, "hit3": 0.7423, "n": 97, "latency_ms": {"mean": 18.0, "p50": 16.2, "p95": 26.9, "max": 93.1, "over_100ms": 0}}, "torvalds__linux": {"mrr": 1.0, "hit1": 1.0, "hit2": 1.0, "hit3": 1.0, "n": 100, "latency_ms": {"mean": 38.8, "p50": 35.3, "p95": 63.8, "max": 93.4, "over_100ms": 0}}}}, "semantic": {"mrr": 0.0, "hit1": 0.0, "hit2": 0.0, "hit3": 0.0, "n": 1688, "by_repo": {"astropy__astropy": {"mrr": 0.0, "hit1": 0.0, "hit2": 0.0, "hit3": 0.0, "n": 130, "latency_ms": {"mean": 22.2, "p50": 20.2, "p95": 35.7, "max": 106.0, "over_100ms": 1}}, "django__django": {"mrr": 0.0, "hit1": 0.0, "hit2": 0.0, "hit3": 0.0, "n": 130, "latency_ms": {"mean": 43.5, "p50": 37.4, "p95": 81.8, "max": 204.7,