{"mrr": 0.8756, "hit1": 0.8422, "hit2": 0.8816, "hit3": 0.8939, "n": 1470, "by_repo": {"astropy__astropy": {"mrr": 0.9714, "hit1": 0.97, "hit2": 0.97, "hit3": 0.97, "n": 100, "latency_ms": {"mean": 26.3, "p50": 18.8, "p95": 60.6, "max": 219.2, "over_100ms": 4}}, "django__django": {"mrr": 0.8378, "hit1": 0.8007, "hit2": 0.8497, "hit3": 0.8497, "n": 286, "latency_ms": {"mean": 30.1, "p50": 25.0, "p95": 63.6, "max": 229.4, "over_100ms": 9}}, "matplotlib__matplotlib": {"mrr": 0.99, "hit1": 0.99, "hit2": 0.99, "hit3": 0.99, "n": 100, "latency_ms": {"mean": 22.3, "p50": 17.8, "p95": 53.1, "max": 156.0, "over_100ms": 2}}, "mwaskom__seaborn": {"mrr": 0.9386, "hit1": 0.92, "hit2": 0.93, "hit3": 0.94, "n": 100, "latency_ms": {"mean": 16.0, "p50": 14.2, "p95": 31.9, "max": 165.7, "over_100ms": 1}}, "pallets__flask": {"mrr": 0.7339, "hit1": 0.6702, "hit2": 0.734, "hit3": 0.7553, "n": 94, "latency_ms": {"mean": 13.0, "p50": 11.5, "p95": 23.5, "max": 160.5, "over_100ms": 1}}, "psf__requests": {"mrr": 0.9365, "hit1": 0.9, "hit2": 0.95, "hit3": 0.95, "n": 100, "latency_ms": {"mean": 13.7, "p50": 11.4, "p95": 26.6, "max": 156.6, "over_100ms": 1}}, "pydata__xarray": {"mrr": 1.0, "hit1": 1.0, "hit2": 1.0, "hit3": 1.0, "n": 100, "latency_ms": {"mean": 15.6, "p50": 12.8, "p95": 38.7, "max": 150.3, "over_100ms": 1}}, "pylint-dev__pylint": {"mrr": 0.97, "hit1": 0.97, "hit2": 0.97, "hit3": 0.97, "n": 100, "latency_ms": {"mean": 19.7, "p50": 18.2, "p95": 40.1, "max": 157.5, "over_100ms": 1}}, "pytest-dev__pytest": {"mrr": 1.0, "hit1": 1.0, "hit2": 1.0, "hit3": 1.0, "n": 100, "latency_ms": {"mean": 14.1, "p50": 11.0, "p95": 30.1, "max": 229.0, "over_100ms": 1}}, "scikit-learn__scikit-learn": {"mrr": 0.6639, "hit1": 0.62, "hit2": 0.67, "hit3": 0.68, "n": 100, "latency_ms": {"mean": 16.0, "p50": 13.2, "p95": 34.1, "max": 142.4, "over_100ms": 1}}, "sphinx-doc__sphinx": {"mrr": 0.6584, "hit1": 0.5326, "hit2": 0.6848, "hit3": 0.7717, "n": 92, "latency_ms": {"mean": 17.4, "p50": 15.1, "p95": 34.3, "max": 160.0, "over_100ms": 1}}, "sympy__sympy": {"mrr": 0.7914, "hit1": 0.7143, "hit2": 0.7959, "hit3": 0.8469, "n": 98, "latency_ms": {"mean": 21.8, "p50": 16.3, "p95": 54.1, "max": 211.6, "over_100ms": 2}}, "torvalds__linux": {"mrr": 0.9334, "hit1": 0.9, "hit2": 0.95, "hit3": 0.96, "n": 100, "latency_ms": {"mean": 88.6, "p50": 71.5, "p95": 212.3, "max": 282.0, "over_100ms": 154}}}, "overall": {"mrr": 0.6992884640957446, "hit1": 0.6238259308510639, "hit3": 0.7483692154255319, "n": 6016}, "supported_overall": {"mrr": 0.6992884640957446, "hit1": 0.6238259308510639, "hit3": 0.7483692154255319, "n": 6016}, "supported_gold_kinds": ["definition", "content", "semantic", "swebench", "sessions"], "latency_ms": {"mean": 24.2, "p50": 14.8, "p95": 67.3, "max": 282.0, "over_100ms": 179}, "golds": {"definition": {"mrr": 0.8756, "hit1": 0.8422, "hit2": 0.8816, "hit3": 0.8939, "n": 1470, "by_repo": {"astropy__astropy": {"mrr": 0.9714, "hit1": 0.97, "hit2": 0.97, "hit3": 0.97, "n": 100, "latency_ms": {"mean": 26.3, "p50": 18.8, "p95": 60.6, "max": 219.2, "over_100ms": 4}}, "django__django": {"mrr": 0.8378, "hit1": 0.8007, "hit2": 0.8497, "hit3": 0.8497, "n": 286, "latency_ms": {"mean": 30.1, "p50": 25.0, "p95": 63.6, "max": 229.4, "over_100ms": 9}}, "matplotlib__matplotlib": {"mrr": 0.99, "hit1": 0.99, "hit2": 0.99, "hit3": 0.99, "n": 100, "latency_ms": {"mean": 22.3, "p50": 17.8, "p95": 53.1, "max": 156.0, "over_100ms": 2}}, "mwaskom__seaborn": {"mrr": 0.9386, "hit1": 0.92, "hit2": 0.93, "hit3": 0.94, "n": 100, "latency_ms": {"mean": 16.0, "p50": 14.2, "p95": 31.9, "max": 165.7, "over_100ms": 1}}, "pallets__flask": {"mrr": 0.7339, "hit1": 0.6702, "hit2": 0.734, "hit3": 0.7553, "n": 94, "latency_ms": {"mean": 13.0, "p50": 11.5, "p95": 23.5, "max": 160.5, "over_100ms": 1}}, "psf__requests": {"mrr": 0.9365, "hit1": 0.9, "hit2": 0.95, "hit3": 0.95, "n": 100, "latency_ms": {"mean": 13.7, "p50": 11.4, "p95": 26.6, "max": 156.6, "over_100ms": 1}}, "pydata__xarray": {"mrr": 1.0, "hit1": 1.0, "hit2": 1.0, "hit3": 1.0, "n": 100, "latency_ms": {"mean": 15.6, "p50": 12.8, "p95": 38.7, "max": 150.3, "over_100ms": 1}}, "pylint-dev__pylint": {"mrr": 0.97, "hit1": 0.97, "hit2": 0.97, "hit3": 0.97, "n": 100, "latency_ms": {"mean": 19.7, "p50": 18.2, "p95": 40.1, "max": 157.5, "over_100ms": 1}}, "pytest-dev__pytest": {"mrr": 1.0, "hit1": 1.0, "hit2": 1.0, "hit3": 1.0, "n": 100, "latency_ms": {"mean": 14.1, "p50": 11.0, "p95": 30.1, "max": 229.0, "over_100ms": 1}}, "scikit-learn__scikit-learn": {"mrr": 0.6639, "hit1": 0.62, "hit2": 0.67, "hit3": 0.68, "n": 100, "latency_ms": {"mean": 16.0, "p50": 13.2, "p95": 34.1, "max": 142.4, "over_100ms": 1}}, "sphinx-doc__sphinx": {"mrr": 0.6584, "hit1": 0.5326, "hit2": 0.6848, "hit3": 0.7717, "n": 92, "latency_ms": {"mean": 17.4, "p50": 15.1, "p95": 34.3, "max": 160.0, "over_100ms": 1}}, "sympy__sympy": {"mrr": 0.7914, "hit1": 0.7143, "hit2": 0.7959, "hit3": 0.8469, "n": 98, "latency_ms": {"mean": 21.8, "p50": 16.3, "p95": 54.1, "max": 211.6, "over_100ms": 2}}, "torvalds__linux": {"mrr": 0.9334, "hit1": 0.9, "hit2": 0.95, "hit3": 0.96, "n": 100, "latency_ms": {"mean": 88.6, "p50": 71.5, "p95": 212.3, "max": 282.0, "over_100ms": 154}}}}, "content": {"mrr": 0.9056, "hit1": 0.8713, "hit2": 0.9137, "hit3": 0.9323, "n": 1344, "by_repo": {"astropy__astropy": {"mrr": 1.0, "hit1": 1.0, "hit2": 1.0, "hit3": 1.0, "n": 100, "latency_ms": {"mean": 26.3, "p50": 18.8, "p95": 60.6, "max": 219.2, "over_100ms": 4}}, "django__django": {"mrr": 0.9288, "hit1": 0.9108, "hit2": 0.9236, "hit3": 0.9554, "n": 157, "latency_ms": {"mean": 30.1, "p50": 25.0, "p95": 63.6, "max": 229.4, "over_100ms": 9}}, "matplotlib__matplotlib": {"mrr": 0.9812, "hit1": 0.97, "hit2": 0.99, "hit3": 0.99, "n": 100, "latency_ms": {"mean": 22.3, "p50": 17.8, "p95": 53.1, "max": 156.0, "over_100ms": 2}}, "mwaskom__seaborn": {"mrr": 0.9803, "hit1": 0.97, "hit2": 0.98, "hit3": 0.99, "n": 100, "latency_ms": {"mean": 16.0, "p50": 14.2, "p95": 31.9, "max": 165.7, "over_100ms": 1}}, "pallets__flask": {"mrr": 0.7412, "hit1": 0.6289, "hit2": 0.7732, "hit3": 0.8144, "n": 97, "latency_ms": {"mean": 13.0, "p50": 11.5, "p95": 23.5, "max": 160.5, "over_100ms": 1}}, "psf__requests": {"mrr": 0.9426, "hit1": 0.9072, "hit2": 0.9588, "hit3": 0.9794, "n": 97, "latency_ms": {"mean": 13.7, "p50": 11.4, "p95": 26.6, "max": 156.6, "over_100ms": 1}}, "pydata__xarray": {"mrr": 0.9906, "hit1": 0.99, "hit2": 0.99, "hit3": 0.99, "n": 100, "latency_ms": {"mean": 15.6, "p50": 12.8, "p95": 38.7, "max": 150.3, "over_100ms": 1}}, "pylint-dev__pylint": {"mrr": 0.9829, "hit1": 0.98, "hit2": 0.98, "hit3": 0.98, "n": 100, "latency_ms": {"mean": 19.7, "p50": 18.2, "p95": 40.1, "max": 157.5, "over_100ms": 1}}, "pytest-dev__pytest": {"mrr": 1.0, "hit1": 1.0, "hit2": 1.0, "hit3": 1.0, "n": 100, "latency_ms": {"mean": 14.1, "p50": 11.0, "p95": 30.1, "max": 229.0, "over_100ms": 1}}, "scikit-learn__scikit-learn": {"mrr": 0.7399, "hit1": 0.697, "hit2": 0.7374, "hit3": 0.7677, "n": 99, "latency_ms": {"mean": 16.0, "p50": 13.2, "p95": 34.1, "max": 142.4, "over_100ms": 1}}, "sphinx-doc__sphinx": {"mrr": 0.7224, "hit1": 0.5979, "hit2": 0.7629, "hit3": 0.8144, "n": 97, "latency_ms": {"mean": 17.4, "p50": 15.1, "p95": 34.3, "max": 160.0, "over_100ms": 1}}, "sympy__sympy": {"mrr": 0.7391, "hit1": 0.6392, "hit2": 0.7629, "hit3": 0.8144, "n": 97, "latency_ms": {"mean": 21.8, "p50": 16.3, "p95": 54.1, "max": 211.6, "over_100ms": 2}}, "torvalds__linux": {"mrr": 0.995, "hit1": 0.99, "hit2": 1.0, "hit3": 1.0, "n": 100, "latency_ms": {"mean": 88.6, "p50": 71.5, "p95": 212.3, "max": 282.0, "over_100ms": 154}}}}, "semantic": {"mrr": 0.5648, "hit1": 0.4336, "hit2": 0.5681, "hit3": 0.6523, "n": 1688, "by_repo": {"astropy__astropy": {"mrr": 0.5447, "hit1": 0.4385, "hit2": 0.5308, "hit3": 0.6154, "n": 130, "latency_ms": {"mean": 26.3, "p50": 18.8, "p95": 60.6, "max": 219.2, "over_100ms": 4}}, "django__django": {"mrr": 0.5489, "hit1": 0.4385, "hit2": 0.5462, "hit3": 0.6, "n": 130,