{
    "results": {
        "tool": {
            "name": "pytest",
            "version": "8.4.1"
        },
        "summary": {
            "tests": 2,
            "passed": 2,
            "failed": 0,
            "skipped": 0,
            "pending": 0,
            "other": 0,
            "start": 1782882281.4380646,
            "stop": 1782882281.4505246
        },
        "tests": [
            {
                "name": "test_outputs.py::test_output_file_exists",
                "status": "passed",
                "duration": 0.00021021300926804543,
                "start": 1782882281.4498115,
                "stop": 1782882281.4501379,
                "retries": 0,
                "file_path": "test_outputs.py"
            },
            {
                "name": "test_outputs.py::test_output_is_correct",
                "status": "passed",
                "duration": 0.00016520099597983062,
                "start": 1782882281.4502301,
                "stop": 1782882281.4504542,
                "retries": 0,
                "file_path": "test_outputs.py"
            }
        ]
    }
}