{
    "results": {
        "tool": {
            "name": "pytest",
            "version": "8.4.1"
        },
        "summary": {
            "tests": 2,
            "passed": 2,
            "failed": 0,
            "skipped": 0,
            "pending": 0,
            "other": 0,
            "start": 1782924566.7571056,
            "stop": 1782924566.7903106
        },
        "tests": [
            {
                "name": "test_outputs.py::test_output_file_exists",
                "status": "passed",
                "duration": 0.00020498399680946022,
                "start": 1782924566.789602,
                "stop": 1782924566.789912,
                "retries": 0,
                "file_path": "test_outputs.py"
            },
            {
                "name": "test_outputs.py::test_output_is_correct",
                "status": "passed",
                "duration": 0.00016765999316703528,
                "start": 1782924566.7900074,
                "stop": 1782924566.7902381,
                "retries": 0,
                "file_path": "test_outputs.py"
            }
        ]
    }
}