{
    "results": {
        "tool": {
            "name": "pytest",
            "version": "8.4.1"
        },
        "summary": {
            "tests": 1,
            "passed": 1,
            "failed": 0,
            "skipped": 0,
            "pending": 0,
            "other": 0,
            "start": 1782861111.9082506,
            "stop": 1782861112.7781246
        },
        "tests": [
            {
                "name": "test_outputs.py::test_api",
                "status": "passed",
                "duration": 0.8595372020063223,
                "start": 1782861111.9182737,
                "stop": 1782861112.7779768,
                "retries": 0,
                "file_path": "test_outputs.py"
            }
        ]
    }
}