{
    "results": {
        "tool": {
            "name": "pytest",
            "version": "8.4.1"
        },
        "summary": {
            "tests": 2,
            "passed": 2,
            "failed": 0,
            "skipped": 0,
            "pending": 0,
            "other": 0,
            "start": 1782881963.4152312,
            "stop": 1782881963.5477114
        },
        "tests": [
            {
                "name": "test_outputs.py::test_solution_file_exists",
                "status": "passed",
                "duration": 0.00019464700017124414,
                "start": 1782881963.4452424,
                "stop": 1782881963.4455366,
                "retries": 0,
                "file_path": "test_outputs.py"
            },
            {
                "name": "test_outputs.py::test_solution_content_similarity",
                "status": "passed",
                "duration": 0.10187511099502444,
                "start": 1782881963.4456193,
                "stop": 1782881963.5476105,
                "retries": 0,
                "file_path": "test_outputs.py"
            }
        ]
    }
}