{
    "results": {
        "tool": {
            "name": "pytest",
            "version": "8.4.1"
        },
        "summary": {
            "tests": 1,
            "passed": 1,
            "failed": 0,
            "skipped": 0,
            "pending": 0,
            "other": 0,
            "start": 1782861937.3731413,
            "stop": 1782861937.4128075
        },
        "tests": [
            {
                "name": "test_outputs.py::test_primers",
                "status": "passed",
                "duration": 0.005098543995700311,
                "start": 1782861937.4074078,
                "stop": 1782861937.4126666,
                "retries": 0,
                "file_path": "test_outputs.py"
            }
        ]
    }
}