{"model_type": "linear", "version": 2, "enabled": false, "feature_names": ["reciprocal_rank", "rank_one", "path_term_coverage", "path_identifier_exact", "basename_similarity", "symbol_term_coverage", "symbol_identifier_exact", "source_term_coverage", "source_best_line_coverage", "test_scope_match", "test_scope_mismatch", "doc_scope_match", "doc_scope_mismatch", "path_depth"], "window": 8, "metadata": {"groups_real": 191, "groups_synthetic": 6228, "recall_failures": {"real": 135, "synthetic": 26272}, "train_groups": 6403, "val_groups": 16, "val_tasks": 4, "pairwise_rows": 34779, "enabled": false, "model": "linear", "trees": 0, "validation": {"baseline": {"n": 16, "mrr": 0.8177083333333334, "hit1": 0.6875, "hit3": 0.9375}, "learned": {"n": 16, "mrr": 0.78125, "hit1": 0.5625, "hit3": 1.0}, "mrr_gain": -0.03645833333333337}, "latency_p95_ms": 0.0051, "export_parity_mismatch": 0, "reason": "mrr_gain -0.0365 < 0.005"}, "weights": [2.2881684672362526, -0.07700759262725632, 3.786554352815438, -0.9277073176243017, -0.2176102139352328, 0.6862112297257242, 0.1818593263400458, -0.10944425177870433, 0.3432704958293697, 1.818259000134389, -0.033291312595085644, 0.29616482755409795, 1.9435575352298708, -1.9899770036411397], "blend": 1.0, "margin": 0.0}
