{
    "results": {
        "tool": {
            "name": "pytest",
            "version": "8.4.1"
        },
        "summary": {
            "tests": 2,
            "passed": 2,
            "failed": 0,
            "skipped": 0,
            "pending": 0,
            "other": 0,
            "start": 1782862816.9845278,
            "stop": 1782862817.0243309
        },
        "tests": [
            {
                "name": "test_outputs.py::test_summary_file_exists",
                "status": "passed",
                "duration": 0.0002385520056122914,
                "start": 1782862817.0235178,
                "stop": 1782862817.0238845,
                "retries": 0,
                "file_path": "test_outputs.py"
            },
            {
                "name": "test_outputs.py::test_summary_structure_and_counts",
                "status": "passed",
                "duration": 0.00019554099708329886,
                "start": 1782862817.023987,
                "stop": 1782862817.024247,
                "retries": 0,
                "file_path": "test_outputs.py"
            }
        ]
    }
}