{
  "blend": 0.25,
  "collection": {
    "candidate_miss": 23,
    "ok": 181,
    "too_few_candidates": 117
  },
  "enabled": false,
  "examples": 181,
  "feature_names": [
    "reciprocal_rank",
    "rank_one",
    "path_term_coverage",
    "path_identifier_exact",
    "basename_similarity",
    "symbol_term_coverage",
    "symbol_identifier_exact",
    "source_term_coverage",
    "source_best_line_coverage",
    "test_scope_match",
    "test_scope_mismatch",
    "doc_scope_match",
    "doc_scope_mismatch",
    "path_depth"
  ],
  "margin": 0.0,
  "pairwise_rows": 294,
  "reason": "held-out real-task validation did not clear safety gate",
  "records": 321,
  "records_with_existing_gold": 321,
  "repo_id": "0451fa59ffee9c3e",
  "repo_prefix": "matplotlib__matplotlib",
  "repo_root": "/tmp/idx_ws_matplotlib__matplotlib",
  "train_examples": 172,
  "train_tasks": 1,
  "training_source": "real_agent_grep_and_patch_files",
  "validation": {
    "baseline": {
      "hit1": 0.8888888888888888,
      "hit2": 0.8888888888888888,
      "hit3": 1.0,
      "mrr": 0.9259259259259258,
      "n": 9
    },
    "learned": {
      "hit1": 0.8888888888888888,
      "hit2": 0.8888888888888888,
      "hit3": 1.0,
      "mrr": 0.9259259259259258,
      "n": 9
    },
    "mrr_gain": 0.0
  },
  "validation_examples": 9,
  "validation_tasks": 1,
  "weights": [
    1.7180179941956688,
    0.2921881074791238,
    -0.045914250260117494,
    0.0,
    -0.3037466004707551,
    0.13263439846739605,
    0.0,
    0.39790319540219005,
    0.39790319540219005,
    0.0,
    -0.620752475352883,
    0.0,
    -2.2189707486465258,
    0.7095402945179062
  ]
}
