{
  "blend": 0.75,
  "collection": {
    "candidate_miss": 13,
    "ok": 50,
    "too_few_candidates": 231
  },
  "enabled": true,
  "examples": 50,
  "feature_names": [
    "reciprocal_rank",
    "rank_one",
    "path_term_coverage",
    "path_identifier_exact",
    "basename_similarity",
    "symbol_term_coverage",
    "symbol_identifier_exact",
    "source_term_coverage",
    "source_best_line_coverage",
    "test_scope_match",
    "test_scope_mismatch",
    "doc_scope_match",
    "doc_scope_mismatch",
    "path_depth"
  ],
  "margin": 0.0,
  "pairwise_rows": 53,
  "records": 294,
  "records_with_existing_gold": 294,
  "repo_id": "6f21e27917ff8018",
  "repo_prefix": "pytest-dev__pytest",
  "repo_root": "/tmp/idx_ws_pytest-dev__pytest",
  "train_examples": 27,
  "train_tasks": 3,
  "training_source": "real_agent_grep_and_patch_files",
  "validation": {
    "baseline": {
      "hit1": 0.391304347826087,
      "hit2": 0.8260869565217391,
      "hit3": 0.9565217391304348,
      "mrr": 0.6630434782608695,
      "n": 23
    },
    "learned": {
      "hit1": 0.6086956521739131,
      "hit2": 0.7391304347826086,
      "hit3": 0.9565217391304348,
      "mrr": 0.7572463768115942,
      "n": 23
    },
    "mrr_gain": 0.09420289855072472
  },
  "validation_examples": 23,
  "validation_tasks": 2,
  "weights": [
    -0.321173433266158,
    -0.28053458420677657,
    -0.27964185085768967,
    0.0,
    0.11402745607554687,
    0.0,
    0.0,
    0.5503906698767168,
    0.5503906698767168,
    0.0,
    -1.5843736731107425,
    0.0,
    -0.6237055075508594,
    0.13778250115538462
  ]
}
