{
  "blend": 0.75,
  "collection": {
    "candidate_miss": 7,
    "ok": 41,
    "too_few_candidates": 154
  },
  "enabled": true,
  "examples": 41,
  "feature_names": [
    "reciprocal_rank",
    "rank_one",
    "path_term_coverage",
    "path_identifier_exact",
    "basename_similarity",
    "symbol_term_coverage",
    "symbol_identifier_exact",
    "source_term_coverage",
    "source_best_line_coverage",
    "test_scope_match",
    "test_scope_mismatch",
    "doc_scope_match",
    "doc_scope_mismatch",
    "path_depth"
  ],
  "margin": 0.0,
  "pairwise_rows": 79,
  "records": 202,
  "records_with_existing_gold": 202,
  "repo_id": "a2c6691d8841173a",
  "repo_prefix": "astropy__astropy",
  "repo_root": "/tmp/idx_ws_astropy__astropy",
  "train_examples": 34,
  "train_tasks": 2,
  "training_source": "real_agent_grep_and_patch_files",
  "validation": {
    "baseline": {
      "hit1": 0.5714285714285714,
      "hit2": 0.8571428571428571,
      "hit3": 1.0,
      "mrr": 0.7619047619047619,
      "n": 7
    },
    "learned": {
      "hit1": 0.7142857142857143,
      "hit2": 1.0,
      "hit3": 1.0,
      "mrr": 0.8571428571428571,
      "n": 7
    },
    "mrr_gain": 0.09523809523809523
  },
  "validation_examples": 7,
  "validation_tasks": 1,
  "weights": [
    0.6351010153378573,
    -0.6346109425872096,
    0.25535974172506554,
    0.0,
    -0.1831265112785501,
    0.08519681815465784,
    0.0,
    0.0,
    0.0,
    0.0,
    -0.2731257716553818,
    0.0,
    0.0,
    0.8842221343385932
  ]
}
