{
    "results": {
        "tool": {
            "name": "pytest",
            "version": "8.4.1"
        },
        "summary": {
            "tests": 2,
            "passed": 2,
            "failed": 0,
            "skipped": 0,
            "pending": 0,
            "other": 0,
            "start": 1782875884.7532659,
            "stop": 1782875884.7855437
        },
        "tests": [
            {
                "name": "test_outputs.py::test_recovery_file_exists",
                "status": "passed",
                "duration": 0.0002163700119126588,
                "start": 1782875884.7848506,
                "stop": 1782875884.7851787,
                "retries": 0,
                "file_path": "test_outputs.py"
            },
            {
                "name": "test_outputs.py::test_password_match",
                "status": "passed",
                "duration": 0.00015590999100822955,
                "start": 1782875884.7852628,
                "stop": 1782875884.7854722,
                "retries": 0,
                "file_path": "test_outputs.py"
            }
        ]
    }
}