{
    "results": {
        "tool": {
            "name": "pytest",
            "version": "8.4.1"
        },
        "summary": {
            "tests": 1,
            "passed": 1,
            "failed": 0,
            "skipped": 0,
            "pending": 0,
            "other": 0,
            "start": 1782882026.5062325,
            "stop": 1782882026.541221
        },
        "tests": [
            {
                "name": "test_outputs.py::test_gblock",
                "status": "passed",
                "duration": 0.0007190690084826201,
                "start": 1782882026.5402837,
                "stop": 1782882026.5411286,
                "retries": 0,
                "file_path": "test_outputs.py"
            }
        ]
    }
}