{
    "results": {
        "tool": {
            "name": "pytest",
            "version": "8.4.1"
        },
        "summary": {
            "tests": 1,
            "passed": 1,
            "failed": 0,
            "skipped": 0,
            "pending": 0,
            "other": 0,
            "start": 1782904963.0887794,
            "stop": 1782904963.130844
        },
        "tests": [
            {
                "name": "test_outputs.py::test_move_correct",
                "status": "passed",
                "duration": 0.0002714020083658397,
                "start": 1782904963.1303585,
                "stop": 1782904963.1307497,
                "retries": 0,
                "file_path": "test_outputs.py"
            }
        ]
    }
}