{
    "results": {
        "tool": {
            "name": "pytest",
            "version": "8.4.1"
        },
        "summary": {
            "tests": 2,
            "passed": 2,
            "failed": 0,
            "skipped": 0,
            "pending": 0,
            "other": 0,
            "start": 1782912622.591365,
            "stop": 1782912622.6395783
        },
        "tests": [
            {
                "name": "test_outputs.py::test_result_exists",
                "status": "passed",
                "duration": 0.00039630998799111694,
                "start": 1782912622.6382632,
                "stop": 1782912622.6388426,
                "retries": 0,
                "file_path": "test_outputs.py"
            },
            {
                "name": "test_outputs.py::test_data_matches",
                "status": "passed",
                "duration": 0.00033950299257412553,
                "start": 1782912622.638999,
                "stop": 1782912622.6394465,
                "retries": 0,
                "file_path": "test_outputs.py"
            }
        ]
    }
}