{
    "results": {
        "tool": {
            "name": "pytest",
            "version": "8.4.1"
        },
        "summary": {
            "tests": 2,
            "passed": 2,
            "failed": 0,
            "skipped": 0,
            "pending": 0,
            "other": 0,
            "start": 1782867126.8763807,
            "stop": 1782867126.9071949
        },
        "tests": [
            {
                "name": "test_outputs.py::test_result_exists",
                "status": "passed",
                "duration": 0.00018253100279252976,
                "start": 1782867126.9065592,
                "stop": 1782867126.906836,
                "retries": 0,
                "file_path": "test_outputs.py"
            },
            {
                "name": "test_outputs.py::test_data_matches",
                "status": "passed",
                "duration": 0.00015721600357210264,
                "start": 1782867126.9069192,
                "stop": 1782867126.9071295,
                "retries": 0,
                "file_path": "test_outputs.py"
            }
        ]
    }
}