{
  "bge": {
    "hit@1": 0.39,
    "hit@5": 0.58,
    "hit@10": 0.62,
    "mrr@10": 0.471984126984127,
    "ndcg@10": 0.5397683747065702
  },
  "qwen": {
    "hit@1": 0.405,
    "hit@5": 0.635,
    "hit@10": 0.7,
    "mrr@10": 0.4949880952380952,
    "ndcg@10": 0.5777324824357918
  }
}