{
  "bge": {
    "hit@1": 0.425,
    "hit@5": 0.73,
    "hit@10": 0.8,
    "mrr@10": 0.5500198412698413,
    "ndcg@10": 0.632203760553737
  },
  "qwen": {
    "hit@1": 0.355,
    "hit@5": 0.585,
    "hit@10": 0.7,
    "mrr@10": 0.45075198412698414,
    "ndcg@10": 0.5343275266584574
  }
}