{
  "bge": {
    "hit@1": 0.49,
    "hit@5": 0.76,
    "hit@10": 0.835,
    "mrr@10": 0.6015873015873016,
    "ndcg@10": 0.6577437531318858
  },
  "qwen": {
    "hit@1": 0.505,
    "hit@5": 0.695,
    "hit@10": 0.76,
    "mrr@10": 0.5801924603174603,
    "ndcg@10": 0.6231285060546954
  }
}