{
  "bge": {
    "hit@1": 0.475,
    "hit@5": 0.74,
    "hit@10": 0.795,
    "mrr@10": 0.5879960317460318,
    "ndcg@10": 0.6418115856844838
  },
  "qwen": {
    "hit@1": 0.43,
    "hit@5": 0.66,
    "hit@10": 0.72,
    "mrr@10": 0.5202837301587302,
    "ndcg@10": 0.5684313343896693
  }
}