{
  "bge": {
    "hit@1": 0.545,
    "hit@5": 0.78,
    "hit@10": 0.87,
    "mrr@10": 0.647720238095238,
    "ndcg@10": 0.7010761347204049
  },
  "qwen": {
    "hit@1": 0.545,
    "hit@5": 0.705,
    "hit@10": 0.77,
    "mrr@10": 0.6147718253968254,
    "ndcg@10": 0.6517646545442138
  }
}