{
  "bge": {
    "hit@1": 0.28,
    "hit@5": 0.525,
    "hit@10": 0.595,
    "mrr@10": 0.3865515873015873,
    "ndcg@10": 0.4394126386548001
  },
  "qwen": {
    "hit@1": 0.265,
    "hit@5": 0.635,
    "hit@10": 0.805,
    "mrr@10": 0.42403968253968255,
    "ndcg@10": 0.5168186975681585
  }
}