{
    "results": {
        "tool": {
            "name": "pytest",
            "version": "8.4.1"
        },
        "summary": {
            "tests": 2,
            "passed": 2,
            "failed": 0,
            "skipped": 0,
            "pending": 0,
            "other": 0,
            "start": 1782882161.0001187,
            "stop": 1782882161.0353045
        },
        "tests": [
            {
                "name": "test_outputs.py::test_about_file",
                "status": "passed",
                "duration": 0.0002157119888579473,
                "start": 1782882161.0345726,
                "stop": 1782882161.0348952,
                "retries": 0,
                "file_path": "test_outputs.py"
            },
            {
                "name": "test_outputs.py::test_layout_file",
                "status": "passed",
                "duration": 0.00016543400124646723,
                "start": 1782882161.0350077,
                "stop": 1782882161.0352337,
                "retries": 0,
                "file_path": "test_outputs.py"
            }
        ]
    }
}