{
    "results": {
        "tool": {
            "name": "pytest",
            "version": "8.4.1"
        },
        "summary": {
            "tests": 1,
            "passed": 1,
            "failed": 0,
            "skipped": 0,
            "pending": 0,
            "other": 0,
            "start": 1782881228.988338,
            "stop": 1782881228.995685
        },
        "tests": [
            {
                "name": "test_outputs.py::test_attack",
                "status": "passed",
                "duration": 0.00029592397913802415,
                "start": 1782881228.9951644,
                "stop": 1782881228.9956279,
                "retries": 0,
                "file_path": "test_outputs.py"
            }
        ]
    }
}