{
    "results": {
        "tool": {
            "name": "pytest",
            "version": "8.4.1"
        },
        "summary": {
            "tests": 2,
            "passed": 2,
            "failed": 0,
            "skipped": 0,
            "pending": 0,
            "other": 0,
            "start": 1782881636.3478851,
            "stop": 1782881636.3781245
        },
        "tests": [
            {
                "name": "test_outputs.py::test_solution_file",
                "status": "passed",
                "duration": 0.0002012610057136044,
                "start": 1782881636.3774428,
                "stop": 1782881636.3777485,
                "retries": 0,
                "file_path": "test_outputs.py"
            },
            {
                "name": "test_outputs.py::test_solution_content",
                "status": "passed",
                "duration": 0.0001632049970794469,
                "start": 1782881636.3778343,
                "stop": 1782881636.3780546,
                "retries": 0,
                "file_path": "test_outputs.py"
            }
        ]
    }
}